1000	4	1	7557
1000	4	2	7557
1000	4	3	7557
2000	4	1	16526
2000	4	2	16526
2000	4	3	16526
3000	4	1	26825
3000	4	2	26825
3000	4	3	26825
4000	4	1	35391
4000	4	2	35391
4000	4	3	35391
5000	4	1	47751
5000	4	2	47751
5000	4	3	47751
6000	4	1	57337
6000	4	2	57337
6000	4	3	57337
7000	4	1	64816
7000	4	2	64816
7000	4	3	64816
8000	4	1	76072
8000	4	2	76072
8000	4	3	76072
9000	4	1	90213
9000	4	2	90213
9000	4	3	90213
10000	4	1	101414
10000	4	2	101414
10000	4	3	101414
11000	4	1	112185
11000	4	2	112185
11000	4	3	112185
12000	4	1	121981
12000	4	2	121981
12000	4	3	121981
13000	4	1	131318
13000	4	2	131318
13000	4	3	131318
14000	4	1	139148
14000	4	2	139148
14000	4	3	139148
15000	4	1	149862
15000	4	2	149862
15000	4	3	149862
16000	4	1	161169
16000	4	2	161169
16000	4	3	161169
17000	4	1	176720
17000	4	2	176720
17000	4	3	176720
18000	4	1	191048
18000	4	2	191048
18000	4	3	191048
19000	4	1	203243
19000	4	2	203243
19000	4	3	203243
20000	4	1	213524
20000	4	2	213524
20000	4	3	213524
21000	4	1	228294
21000	4	2	228294
21000	4	3	228294
22000	4	1	237699
22000	4	2	237699
22000	4	3	237699
23000	4	1	249150
23000	4	2	249150
23000	4	3	249150
24000	4	1	258096
24000	4	2	258096
24000	4	3	258096
25000	4	1	275962
25000	4	2	275962
25000	4	3	275962
26000	4	1	286655
26000	4	2	286655
26000	4	3	286655
27000	4	1	298651
27000	4	2	298651
27000	4	3	298651
28000	4	1	296656
28000	4	2	296656
28000	4	3	296656
29000	4	1	319986
29000	4	2	319986
29000	4	3	319986
30000	4	1	320686
30000	4	2	320686
30000	4	3	320686
31000	4	1	324376
31000	4	2	324376
31000	4	3	324376
32000	4	1	340738
32000	4	2	340738
32000	4	3	340738
33000	4	1	357669
33000	4	2	357669
33000	4	3	357669
34000	4	1	373945
34000	4	2	373945
34000	4	3	373945
35000	4	1	376847
35000	4	2	376847
35000	4	3	376847
36000	4	1	401377
36000	4	2	401377
36000	4	3	401377
37000	4	1	410963
37000	4	2	410963
37000	4	3	410963
38000	4	1	427854
38000	4	2	427854
38000	4	3	427854
39000	4	1	441831
39000	4	2	441831
39000	4	3	441831
40000	4	1	450110
40000	4	2	450110
40000	4	3	450110
41000	4	1	475957
41000	4	2	475957
41000	4	3	475957
42000	4	1	482788
42000	4	2	482788
42000	4	3	482788
43000	4	1	494870
43000	4	2	494870
43000	4	3	494870
44000	4	1	499648
44000	4	2	499648
44000	4	3	499648
45000	4	1	501493
45000	4	2	501493
45000	4	3	501493
46000	4	1	526072
46000	4	2	526072
46000	4	3	526072
47000	4	1	538322
47000	4	2	538322
47000	4	3	538322
48000	4	1	543853
48000	4	2	543853
48000	4	3	543853
49000	4	1	574990
49000	4	2	574990
49000	4	3	574990
50000	4	1	578471
50000	4	2	578471
50000	4	3	578471
51000	4	1	592883
51000	4	2	592883
51000	4	3	592883
52000	4	1	599089
52000	4	2	599089
52000	4	3	599089
53000	4	1	620062
53000	4	2	620062
53000	4	3	620062
54000	4	1	627778
54000	4	2	627778
54000	4	3	627778
55000	4	1	607909
55000	4	2	607909
55000	4	3	607909
56000	4	1	625250
56000	4	2	625250
56000	4	3	625250
57000	4	1	640870
57000	4	2	640870
57000	4	3	640870
58000	4	1	661953
58000	4	2	661953
58000	4	3	661953
59000	4	1	649080
59000	4	2	649080
59000	4	3	649080
60000	4	1	675432
60000	4	2	675432
60000	4	3	675432
61000	4	1	702719
61000	4	2	702719
61000	4	3	702719
62000	4	1	693367
62000	4	2	693367
62000	4	3	693367
63000	4	1	703816
63000	4	2	703816
63000	4	3	703816
64000	4	1	717989
64000	4	2	717989
64000	4	3	717989
65000	4	1	741225
65000	4	2	741225
65000	4	3	741225
66000	4	1	756507
66000	4	2	756507
66000	4	3	756507
67000	4	1	760915
67000	4	2	760915
67000	4	3	760915
68000	4	1	781073
68000	4	2	781073
68000	4	3	781073
69000	4	1	819492
69000	4	2	819492
69000	4	3	819492
70000	4	1	804444
70000	4	2	804444
70000	4	3	804444
71000	4	1	808652
71000	4	2	808652
71000	4	3	808652
72000	4	1	845111
72000	4	2	845111
72000	4	3	845111
73000	4	1	877787
73000	4	2	877787
73000	4	3	877787
74000	4	1	866502
74000	4	2	866502
74000	4	3	866502
75000	4	1	874095
75000	4	2	874095
75000	4	3	874095
76000	4	1	899667
76000	4	2	899667
76000	4	3	899667
77000	4	1	893174
77000	4	2	893174
77000	4	3	893174
78000	4	1	932307
78000	4	2	932307
78000	4	3	932307
79000	4	1	939411
79000	4	2	939411
79000	4	3	939411
80000	4	1	942245
80000	4	2	942245
80000	4	3	942245
81000	4	1	994562
81000	4	2	994562
81000	4	3	994562
82000	4	1	999021
82000	4	2	999021
82000	4	3	999021
83000	4	1	1004266
83000	4	2	1004266
83000	4	3	1004266
84000	4	1	1002533
84000	4	2	1002533
84000	4	3	1002533
85000	4	1	1030382
85000	4	2	1030382
85000	4	3	1030382
86000	4	1	1038783
86000	4	2	1038783
86000	4	3	1038783
87000	4	1	1049785
87000	4	2	1049785
87000	4	3	1049785
88000	4	1	1051771
88000	4	2	1051771
88000	4	3	1051771
89000	4	1	1087514
89000	4	2	1087514
89000	4	3	1087514
90000	4	1	1098132
90000	4	2	1098132
90000	4	3	1098132
91000	4	1	1106032
91000	4	2	1106032
91000	4	3	1106032
92000	4	1	1103787
92000	4	2	1103787
92000	4	3	1103787
93000	4	1	1115621
93000	4	2	1115621
93000	4	3	1115621
94000	4	1	1131196
94000	4	2	1131196
94000	4	3	1131196
95000	4	1	1147979
95000	4	2	1147979
95000	4	3	1147979
96000	4	1	1142865
96000	4	2	1142865
96000	4	3	1142865
97000	4	1	1189139
97000	4	2	1189139
97000	4	3	1189139
98000	4	1	1202670
98000	4	2	1202670
98000	4	3	1202670
99000	4	1	1211741
99000	4	2	1211741
99000	4	3	1211741
100000	4	1	1213190
100000	4	2	1213190
100000	4	3	1213190
101000	4	1	1234408
101000	4	2	1234408
101000	4	3	1234408
102000	4	1	1242986
102000	4	2	1242986
102000	4	3	1242986
103000	4	1	1252840
103000	4	2	1252840
103000	4	3	1252840
104000	4	1	1255967
104000	4	2	1255967
104000	4	3	1255967
105000	4	1	1304083
105000	4	2	1304083
105000	4	3	1304083
106000	4	1	1301415
106000	4	2	1301415
106000	4	3	1301415
107000	4	1	1319836
107000	4	2	1319836
107000	4	3	1319836
108000	4	1	1314467
108000	4	2	1314467
108000	4	3	1314467
109000	4	1	1304872
109000	4	2	1304872
109000	4	3	1304872
110000	4	1	1290831
110000	4	2	1290831
110000	4	3	1290831
111000	4	1	1292147
111000	4	2	1292147
111000	4	3	1292147
112000	4	1	1310293
112000	4	2	1310293
112000	4	3	1310293
113000	4	1	1337458
113000	4	2	1337458
113000	4	3	1337458
114000	4	1	1350212
114000	4	2	1350212
114000	4	3	1350212
115000	4	1	1342164
115000	4	2	1342164
115000	4	3	1342164
116000	4	1	1380955
116000	4	2	1380955
116000	4	3	1380955
117000	4	1	1384242
117000	4	2	1384242
117000	4	3	1384242
118000	4	1	1386580
118000	4	2	1386580
118000	4	3	1386580
119000	4	1	1391265
119000	4	2	1391265
119000	4	3	1391265
120000	4	1	1416056
120000	4	2	1416056
120000	4	3	1416056
121000	4	1	1446821
121000	4	2	1446821
121000	4	3	1446821
122000	4	1	1466845
122000	4	2	1466845
122000	4	3	1466845
123000	4	1	1409403
123000	4	2	1409403
123000	4	3	1409403
124000	4	1	1465366
124000	4	2	1465366
124000	4	3	1465366
125000	4	1	1513248
125000	4	2	1513248
125000	4	3	1513248
126000	4	1	1486696
126000	4	2	1486696
126000	4	3	1486696
127000	4	1	1494647
127000	4	2	1494647
127000	4	3	1494647
128000	4	1	1509161
128000	4	2	1509161
128000	4	3	1509161
129000	4	1	1541002
129000	4	2	1541002
129000	4	3	1541002
130000	4	1	1560618
130000	4	2	1560618
130000	4	3	1560618
131000	4	1	1551887
131000	4	2	1551887
131000	4	3	1551887
132000	4	1	1582241
132000	4	2	1582241
132000	4	3	1582241
133000	4	1	1616835
133000	4	2	1616835
133000	4	3	1616835
134000	4	1	1620781
134000	4	2	1620781
134000	4	3	1620781
135000	4	1	1620566
135000	4	2	1620566
135000	4	3	1620566
136000	4	1	1641519
136000	4	2	1641519
136000	4	3	1641519
137000	4	1	1729164
137000	4	2	1729164
137000	4	3	1729164
138000	4	1	1718926
138000	4	2	1718926
138000	4	3	1718926
139000	4	1	1733307
139000	4	2	1733307
139000	4	3	1733307
140000	4	1	1680705
140000	4	2	1680705
140000	4	3	1680705
141000	4	1	1703569
141000	4	2	1703569
141000	4	3	1703569
142000	4	1	1713193
142000	4	2	1713193
142000	4	3	1713193
143000	4	1	1783164
143000	4	2	1783164
143000	4	3	1783164
144000	4	1	1765923
144000	4	2	1765923
144000	4	3	1765923
145000	4	1	1789650
145000	4	2	1789650
145000	4	3	1789650
146000	4	1	1841988
146000	4	2	1841988
146000	4	3	1841988
147000	4	1	1842467
147000	4	2	1842467
147000	4	3	1842467
148000	4	1	1807093
148000	4	2	1807093
148000	4	3	1807093
149000	4	1	1875543
149000	4	2	1875543
149000	4	3	1875543
150000	4	1	1847783
150000	4	2	1847783
150000	4	3	1847783
151000	4	1	1852364
151000	4	2	1852364
151000	4	3	1852364
152000	4	1	1880514
152000	4	2	1880514
152000	4	3	1880514
153000	4	1	1954068
153000	4	2	1954068
153000	4	3	1954068
154000	4	1	1930211
154000	4	2	1930211
154000	4	3	1930211
155000	4	1	1962105
155000	4	2	1962105
155000	4	3	1962105
156000	4	1	1942527
156000	4	2	1942527
156000	4	3	1942527
157000	4	1	1977351
157000	4	2	1977351
157000	4	3	1977351
158000	4	1	1983970
158000	4	2	1983970
158000	4	3	1983970
159000	4	1	2000624
159000	4	2	2000624
159000	4	3	2000624
160000	4	1	1975011
160000	4	2	1975011
160000	4	3	1975011
161000	4	1	2062482
161000	4	2	2062482
161000	4	3	2062482
162000	4	1	2078602
162000	4	2	2078602
162000	4	3	2078602
163000	4	1	2063715
163000	4	2	2063715
163000	4	3	2063715
164000	4	1	2084798
164000	4	2	2084798
164000	4	3	2084798
165000	4	1	2101083
165000	4	2	2101083
165000	4	3	2101083
166000	4	1	2099922
166000	4	2	2099922
166000	4	3	2099922
167000	4	1	2122013
167000	4	2	2122013
167000	4	3	2122013
168000	4	1	2096746
168000	4	2	2096746
168000	4	3	2096746
169000	4	1	2187621
169000	4	2	2187621
169000	4	3	2187621
170000	4	1	2163275
170000	4	2	2163275
170000	4	3	2163275
171000	4	1	2185260
171000	4	2	2185260
171000	4	3	2185260
172000	4	1	2168801
172000	4	2	2168801
172000	4	3	2168801
173000	4	1	2134800
173000	4	2	2134800
173000	4	3	2134800
174000	4	1	2202714
174000	4	2	2202714
174000	4	3	2202714
175000	4	1	2216170
175000	4	2	2216170
175000	4	3	2216170
176000	4	1	2193044
176000	4	2	2193044
176000	4	3	2193044
177000	4	1	2280416
177000	4	2	2280416
177000	4	3	2280416
178000	4	1	2281192
178000	4	2	2281192
178000	4	3	2281192
179000	4	1	2280270
179000	4	2	2280270
179000	4	3	2280270
180000	4	1	2271702
180000	4	2	2271702
180000	4	3	2271702
181000	4	1	2316586
181000	4	2	2316586
181000	4	3	2316586
182000	4	1	2318765
182000	4	2	2318765
182000	4	3	2318765
183000	4	1	2334689
183000	4	2	2334689
183000	4	3	2334689
184000	4	1	2306160
184000	4	2	2306160
184000	4	3	2306160
185000	4	1	2398042
185000	4	2	2398042
185000	4	3	2398042
186000	4	1	2384677
186000	4	2	2384677
186000	4	3	2384677
187000	4	1	2393199
187000	4	2	2393199
187000	4	3	2393199
188000	4	1	2364180
188000	4	2	2364180
188000	4	3	2364180
189000	4	1	2355339
189000	4	2	2355339
189000	4	3	2355339
190000	4	1	2412290
190000	4	2	2412290
190000	4	3	2412290
191000	4	1	2433392
191000	4	2	2433392
191000	4	3	2433392
192000	4	1	2396692
192000	4	2	2396692
192000	4	3	2396692
193000	4	1	2489436
193000	4	2	2489436
193000	4	3	2489436
194000	4	1	2490426
194000	4	2	2490426
194000	4	3	2490426
195000	4	1	2517661
195000	4	2	2517661
195000	4	3	2517661
196000	4	1	2494973
196000	4	2	2494973
196000	4	3	2494973
197000	4	1	2528061
197000	4	2	2528061
197000	4	3	2528061
198000	4	1	2536352
198000	4	2	2536352
198000	4	3	2536352
199000	4	1	2543053
199000	4	2	2543053
199000	4	3	2543053
200000	4	1	2533930
200000	4	2	2533930
200000	4	3	2533930
201000	4	1	2615407
201000	4	2	2615407
201000	4	3	2615407
202000	4	1	2592504
202000	4	2	2592504
202000	4	3	2592504
203000	4	1	2612520
203000	4	2	2612520
203000	4	3	2612520
204000	4	1	2597622
204000	4	2	2597622
204000	4	3	2597622
205000	4	1	2557105
205000	4	2	2557105
205000	4	3	2557105
206000	4	1	2639464
206000	4	2	2639464
206000	4	3	2639464
207000	4	1	2657580
207000	4	2	2657580
207000	4	3	2657580
208000	4	1	2624418
208000	4	2	2624418
208000	4	3	2624418
209000	4	1	2727299
209000	4	2	2727299
209000	4	3	2727299
210000	4	1	2725291
210000	4	2	2725291
210000	4	3	2725291
211000	4	1	2728617
211000	4	2	2728617
211000	4	3	2728617
212000	4	1	2712779
212000	4	2	2712779
212000	4	3	2712779
213000	4	1	2763845
213000	4	2	2763845
213000	4	3	2763845
214000	4	1	2759247
214000	4	2	2759247
214000	4	3	2759247
215000	4	1	2768154
215000	4	2	2768154
215000	4	3	2768154
216000	4	1	2750372
216000	4	2	2750372
216000	4	3	2750372
217000	4	1	2842649
217000	4	2	2842649
217000	4	3	2842649
218000	4	1	2838013
218000	4	2	2838013
218000	4	3	2838013
219000	4	1	2656480
219000	4	2	2656480
219000	4	3	2656480
220000	4	1	2709335
220000	4	2	2709335
220000	4	3	2709335
221000	4	1	2831120
221000	4	2	2831120
221000	4	3	2831120
222000	4	1	2742277
222000	4	2	2742277
222000	4	3	2742277
223000	4	1	2725303
223000	4	2	2725303
223000	4	3	2725303
224000	4	1	2743717
224000	4	2	2743717
224000	4	3	2743717
225000	4	1	2790794
225000	4	2	2790794
225000	4	3	2790794
226000	4	1	2811640
226000	4	2	2811640
226000	4	3	2811640
227000	4	1	2764226
227000	4	2	2764226
227000	4	3	2764226
228000	4	1	2828193
228000	4	2	2828193
228000	4	3	2828193
229000	4	1	2836835
229000	4	2	2836835
229000	4	3	2836835
230000	4	1	2847229
230000	4	2	2847229
230000	4	3	2847229
231000	4	1	2837281
231000	4	2	2837281
231000	4	3	2837281
232000	4	1	2889805
232000	4	2	2889805
232000	4	3	2889805
233000	4	1	2890812
233000	4	2	2890812
233000	4	3	2890812
234000	4	1	2926199
234000	4	2	2926199
234000	4	3	2926199
235000	4	1	2875949
235000	4	2	2875949
235000	4	3	2875949
236000	4	1	2891526
236000	4	2	2891526
236000	4	3	2891526
237000	4	1	2974944
237000	4	2	2974944
237000	4	3	2974944
238000	4	1	2939589
238000	4	2	2939589
238000	4	3	2939589
239000	4	1	2942577
239000	4	2	2942577
239000	4	3	2942577
240000	4	1	2960969
240000	4	2	2960969
240000	4	3	2960969
241000	4	1	3030453
241000	4	2	3030453
241000	4	3	3030453
242000	4	1	3026913
242000	4	2	3026913
242000	4	3	3026913
243000	4	1	3010224
243000	4	2	3010224
243000	4	3	3010224
244000	4	1	3063127
244000	4	2	3063127
244000	4	3	3063127
245000	4	1	3104464
245000	4	2	3104464
245000	4	3	3104464
246000	4	1	3016059
246000	4	2	3016059
246000	4	3	3016059
247000	4	1	3019406
247000	4	2	3019406
247000	4	3	3019406
248000	4	1	3056726
248000	4	2	3056726
248000	4	3	3056726
249000	4	1	3112398
249000	4	2	3112398
249000	4	3	3112398
250000	4	1	3144887
250000	4	2	3144887
250000	4	3	3144887
251000	4	1	3051984
251000	4	2	3051984
251000	4	3	3051984
252000	4	1	3124328
252000	4	2	3124328
252000	4	3	3124328
253000	4	1	3201211
253000	4	2	3201211
253000	4	3	3201211
254000	4	1	3162505
254000	4	2	3162505
254000	4	3	3162505
255000	4	1	3161692
255000	4	2	3161692
255000	4	3	3161692
256000	4	1	3159402
256000	4	2	3159402
256000	4	3	3159402
257000	4	1	3220182
257000	4	2	3220182
257000	4	3	3220182
258000	4	1	3244373
258000	4	2	3244373
258000	4	3	3244373
259000	4	1	3217170
259000	4	2	3217170
259000	4	3	3217170
260000	4	1	3256154
260000	4	2	3256154
260000	4	3	3256154
261000	4	1	3282931
261000	4	2	3282931
261000	4	3	3282931
262000	4	1	3305803
262000	4	2	3305803
262000	4	3	3305803
263000	4	1	3283332
263000	4	2	3283332
263000	4	3	3283332
264000	4	1	3306386
264000	4	2	3306386
264000	4	3	3306386
265000	4	1	3374769
265000	4	2	3374769
265000	4	3	3374769
266000	4	1	3390283
266000	4	2	3390283
266000	4	3	3390283
267000	4	1	3339724
267000	4	2	3339724
267000	4	3	3339724
268000	4	1	3380450
268000	4	2	3380450
268000	4	3	3380450
269000	4	1	3385250
269000	4	2	3385250
269000	4	3	3385250
270000	4	1	3416293
270000	4	2	3416293
270000	4	3	3416293
271000	4	1	3438289
271000	4	2	3438289
271000	4	3	3438289
272000	4	1	3424293
272000	4	2	3424293
272000	4	3	3424293
273000	4	1	3534033
273000	4	2	3534033
273000	4	3	3534033
274000	4	1	3604799
274000	4	2	3604799
274000	4	3	3604799
275000	4	1	3418199
275000	4	2	3418199
275000	4	3	3418199
276000	4	1	3576877
276000	4	2	3576877
276000	4	3	3576877
277000	4	1	3514078
277000	4	2	3514078
277000	4	3	3514078
278000	4	1	3625530
278000	4	2	3625530
278000	4	3	3625530
279000	4	1	3644919
279000	4	2	3644919
279000	4	3	3644919
280000	4	1	3534401
280000	4	2	3534401
280000	4	3	3534401
281000	4	1	3564767
281000	4	2	3564767
281000	4	3	3564767
282000	4	1	3695905
282000	4	2	3695905
282000	4	3	3695905
283000	4	1	3692585
283000	4	2	3692585
283000	4	3	3692585
284000	4	1	3585573
284000	4	2	3585573
284000	4	3	3585573
285000	4	1	3704994
285000	4	2	3704994
285000	4	3	3704994
286000	4	1	3737995
286000	4	2	3737995
286000	4	3	3737995
287000	4	1	3631067
287000	4	2	3631067
287000	4	3	3631067
288000	4	1	3685046
288000	4	2	3685046
288000	4	3	3685046
289000	4	1	3826774
289000	4	2	3826774
289000	4	3	3826774
290000	4	1	3731905
290000	4	2	3731905
290000	4	3	3731905
291000	4	1	3701002
291000	4	2	3701002
291000	4	3	3701002
292000	4	1	3827667
292000	4	2	3827667
292000	4	3	3827667
293000	4	1	3780445
293000	4	2	3780445
293000	4	3	3780445
294000	4	1	3849299
294000	4	2	3849299
294000	4	3	3849299
295000	4	1	3859579
295000	4	2	3859579
295000	4	3	3859579
296000	4	1	3782334
296000	4	2	3782334
296000	4	3	3782334
297000	4	1	3968872
297000	4	2	3968872
297000	4	3	3968872
298000	4	1	3923779
298000	4	2	3923779
298000	4	3	3923779
299000	4	1	3830707
299000	4	2	3830707
299000	4	3	3830707
300000	4	1	3836405
300000	4	2	3836405
300000	4	3	3836405
301000	4	1	3836775
301000	4	2	3836775
301000	4	3	3836775
302000	4	1	3899187
302000	4	2	3899187
302000	4	3	3899187
303000	4	1	3987889
303000	4	2	3987889
303000	4	3	3987889
304000	4	1	3932059
304000	4	2	3932059
304000	4	3	3932059
305000	4	1	4021420
305000	4	2	4021420
305000	4	3	4021420
306000	4	1	4063901
306000	4	2	4063901
306000	4	3	4063901
307000	4	1	4068060
307000	4	2	4068060
307000	4	3	4068060
308000	4	1	4004403
308000	4	2	4004403
308000	4	3	4004403
309000	4	1	4125504
309000	4	2	4125504
309000	4	3	4125504
310000	4	1	4094834
310000	4	2	4094834
310000	4	3	4094834
311000	4	1	4056091
311000	4	2	4056091
311000	4	3	4056091
312000	4	1	4054241
312000	4	2	4054241
312000	4	3	4054241
313000	4	1	4141654
313000	4	2	4141654
313000	4	3	4141654
314000	4	1	4038512
314000	4	2	4038512
314000	4	3	4038512
315000	4	1	4190410
315000	4	2	4190410
315000	4	3	4190410
316000	4	1	4123270
316000	4	2	4123270
316000	4	3	4123270
317000	4	1	4095173
317000	4	2	4095173
317000	4	3	4095173
318000	4	1	4195069
318000	4	2	4195069
318000	4	3	4195069
319000	4	1	4201810
319000	4	2	4201810
319000	4	3	4201810
320000	4	1	4138739
320000	4	2	4138739
320000	4	3	4138739
321000	4	1	4275447
321000	4	2	4275447
321000	4	3	4275447
322000	4	1	4284883
322000	4	2	4284883
322000	4	3	4284883
323000	4	1	4263859
323000	4	2	4263859
323000	4	3	4263859
324000	4	1	4295140
324000	4	2	4295140
324000	4	3	4295140
325000	4	1	4365145
325000	4	2	4365145
325000	4	3	4365145
326000	4	1	4352301
326000	4	2	4352301
326000	4	3	4352301
327000	4	1	4356988
327000	4	2	4356988
327000	4	3	4356988
328000	4	1	4333613
328000	4	2	4333613
328000	4	3	4333613
329000	4	1	4463055
329000	4	2	4463055
329000	4	3	4463055
330000	4	1	4402603
330000	4	2	4402603
330000	4	3	4402603
331000	4	1	4444189
331000	4	2	4444189
331000	4	3	4444189
332000	4	1	4386528
332000	4	2	4386528
332000	4	3	4386528
333000	4	1	4278442
333000	4	2	4278442
333000	4	3	4278442
334000	4	1	4424049
334000	4	2	4424049
334000	4	3	4424049
335000	4	1	4471077
335000	4	2	4471077
335000	4	3	4471077
336000	4	1	4374403
336000	4	2	4374403
336000	4	3	4374403
337000	4	1	4566840
337000	4	2	4566840
337000	4	3	4566840
338000	4	1	4564346
338000	4	2	4564346
338000	4	3	4564346
339000	4	1	4538457
339000	4	2	4538457
339000	4	3	4538457
340000	4	1	4480216
340000	4	2	4480216
340000	4	3	4480216
341000	4	1	4558582
341000	4	2	4558582
341000	4	3	4558582
342000	4	1	4562729
342000	4	2	4562729
342000	4	3	4562729
343000	4	1	4560489
343000	4	2	4560489
343000	4	3	4560489
344000	4	1	4524167
344000	4	2	4524167
344000	4	3	4524167
345000	4	1	4652320
345000	4	2	4652320
345000	4	3	4652320
346000	4	1	4647987
346000	4	2	4647987
346000	4	3	4647987
347000	4	1	4642328
347000	4	2	4642328
347000	4	3	4642328
348000	4	1	4591966
348000	4	2	4591966
348000	4	3	4591966
349000	4	1	4597723
349000	4	2	4597723
349000	4	3	4597723
350000	4	1	4635895
350000	4	2	4635895
350000	4	3	4635895
351000	4	1	4665404
351000	4	2	4665404
351000	4	3	4665404
352000	4	1	4583290
352000	4	2	4583290
352000	4	3	4583290
353000	4	1	4780340
353000	4	2	4780340
353000	4	3	4780340
354000	4	1	4775187
354000	4	2	4775187
354000	4	3	4775187
355000	4	1	4771695
355000	4	2	4771695
355000	4	3	4771695
356000	4	1	4734206
356000	4	2	4734206
356000	4	3	4734206
357000	4	1	4779609
357000	4	2	4779609
357000	4	3	4779609
358000	4	1	4774334
358000	4	2	4774334
358000	4	3	4774334
359000	4	1	4782143
359000	4	2	4782143
359000	4	3	4782143
360000	4	1	4745824
360000	4	2	4745824
360000	4	3	4745824
361000	4	1	4900120
361000	4	2	4900120
361000	4	3	4900120
362000	4	1	4838595
362000	4	2	4838595
362000	4	3	4838595
363000	4	1	4867515
363000	4	2	4867515
363000	4	3	4867515
364000	4	1	4818546
364000	4	2	4818546
364000	4	3	4818546
365000	4	1	4702731
365000	4	2	4702731
365000	4	3	4702731
366000	4	1	4871936
366000	4	2	4871936
366000	4	3	4871936
367000	4	1	4884192
367000	4	2	4884192
367000	4	3	4884192
368000	4	1	4813555
368000	4	2	4813555
368000	4	3	4813555
369000	4	1	5029726
369000	4	2	5029726
369000	4	3	5029726
370000	4	1	4976890
370000	4	2	4976890
370000	4	3	4976890
371000	4	1	4972048
371000	4	2	4972048
371000	4	3	4972048
372000	4	1	4938501
372000	4	2	4938501
372000	4	3	4938501
373000	4	1	5003675
373000	4	2	5003675
373000	4	3	5003675
374000	4	1	4980615
374000	4	2	4980615
374000	4	3	4980615
375000	4	1	5010909
375000	4	2	5010909
375000	4	3	5010909
376000	4	1	4940159
376000	4	2	4940159
376000	4	3	4940159
377000	4	1	5101771
377000	4	2	5101771
377000	4	3	5101771
378000	4	1	5096806
378000	4	2	5096806
378000	4	3	5096806
379000	4	1	5097819
379000	4	2	5097819
379000	4	3	5097819
380000	4	1	5019334
380000	4	2	5019334
380000	4	3	5019334
381000	4	1	4975100
381000	4	2	4975100
381000	4	3	4975100
382000	4	1	5088787
382000	4	2	5088787
382000	4	3	5088787
383000	4	1	5106377
383000	4	2	5106377
383000	4	3	5106377
384000	4	1	5022193
384000	4	2	5022193
384000	4	3	5022193
385000	4	1	5212603
385000	4	2	5212603
385000	4	3	5212603
386000	4	1	5192185
386000	4	2	5192185
386000	4	3	5192185
387000	4	1	5194294
387000	4	2	5194294
387000	4	3	5194294
388000	4	1	5195343
388000	4	2	5195343
388000	4	3	5195343
389000	4	1	5228836
389000	4	2	5228836
389000	4	3	5228836
390000	4	1	5234209
390000	4	2	5234209
390000	4	3	5234209
391000	4	1	5242723
391000	4	2	5242723
391000	4	3	5242723
392000	4	1	5193707
392000	4	2	5193707
392000	4	3	5193707
393000	4	1	5343283
393000	4	2	5343283
393000	4	3	5343283
394000	4	1	5282218
394000	4	2	5282218
394000	4	3	5282218
395000	4	1	5301628
395000	4	2	5301628
395000	4	3	5301628
396000	4	1	5295102
396000	4	2	5295102
396000	4	3	5295102
397000	4	1	5145350
397000	4	2	5145350
397000	4	3	5145350
398000	4	1	5325941
398000	4	2	5325941
398000	4	3	5325941
399000	4	1	5369743
399000	4	2	5369743
399000	4	3	5369743
400000	4	1	5270405
400000	4	2	5270405
400000	4	3	5270405
401000	4	1	5495562
401000	4	2	5495562
401000	4	3	5495562
402000	4	1	5452888
402000	4	2	5452888
402000	4	3	5452888
403000	4	1	5429608
403000	4	2	5429608
403000	4	3	5429608
404000	4	1	5361147
404000	4	2	5361147
404000	4	3	5361147
405000	4	1	5483534
405000	4	2	5483534
405000	4	3	5483534
406000	4	1	5453361
406000	4	2	5453361
406000	4	3	5453361
407000	4	1	5469308
407000	4	2	5469308
407000	4	3	5469308
408000	4	1	5417191
408000	4	2	5417191
408000	4	3	5417191
409000	4	1	5591616
409000	4	2	5591616
409000	4	3	5591616
410000	4	1	5554075
410000	4	2	5554075
410000	4	3	5554075
411000	4	1	5562152
411000	4	2	5562152
411000	4	3	5562152
412000	4	1	5480899
412000	4	2	5480899
412000	4	3	5480899
413000	4	1	5555864
413000	4	2	5555864
413000	4	3	5555864
414000	4	1	5553981
414000	4	2	5553981
414000	4	3	5553981
415000	4	1	5559744
415000	4	2	5559744
415000	4	3	5559744
416000	4	1	5480250
416000	4	2	5480250
416000	4	3	5480250
417000	4	1	5701235
417000	4	2	5701235
417000	4	3	5701235
418000	4	1	5662223
418000	4	2	5662223
418000	4	3	5662223
419000	4	1	5687181
419000	4	2	5687181
419000	4	3	5687181
420000	4	1	5664075
420000	4	2	5664075
420000	4	3	5664075
421000	4	1	5678585
421000	4	2	5678585
421000	4	3	5678585
422000	4	1	5697194
422000	4	2	5697194
422000	4	3	5697194
423000	4	1	5712983
423000	4	2	5712983
423000	4	3	5712983
424000	4	1	5640738
424000	4	2	5640738
424000	4	3	5640738
425000	4	1	5843873
425000	4	2	5843873
425000	4	3	5843873
426000	4	1	5783563
426000	4	2	5783563
426000	4	3	5783563
427000	4	1	5792660
427000	4	2	5792660
427000	4	3	5792660
428000	4	1	5750848
428000	4	2	5750848
428000	4	3	5750848
429000	4	1	5641377
429000	4	2	5641377
429000	4	3	5641377
430000	4	1	5777793
430000	4	2	5777793
430000	4	3	5777793
431000	4	1	5794405
431000	4	2	5794405
431000	4	3	5794405
432000	4	1	5726613
432000	4	2	5726613
432000	4	3	5726613
433000	4	1	5927045
433000	4	2	5927045
433000	4	3	5927045
434000	4	1	5927817
434000	4	2	5927817
434000	4	3	5927817
435000	4	1	5903406
435000	4	2	5903406
435000	4	3	5903406
436000	4	1	5866099
436000	4	2	5866099
436000	4	3	5866099
437000	4	1	5687757
437000	4	2	5687757
437000	4	3	5687757
438000	4	1	5668025
438000	4	2	5668025
438000	4	3	5668025
439000	4	1	5614963
439000	4	2	5614963
439000	4	3	5614963
440000	4	1	5655952
440000	4	2	5655952
440000	4	3	5655952
441000	4	1	5714691
441000	4	2	5714691
441000	4	3	5714691
442000	4	1	5802805
442000	4	2	5802805
442000	4	3	5802805
443000	4	1	5575836
443000	4	2	5575836
443000	4	3	5575836
444000	4	1	5735414
444000	4	2	5735414
444000	4	3	5735414
445000	4	1	5857733
445000	4	2	5857733
445000	4	3	5857733
446000	4	1	5742151
446000	4	2	5742151
446000	4	3	5742151
447000	4	1	5691906
447000	4	2	5691906
447000	4	3	5691906
448000	4	1	5743868
448000	4	2	5743868
448000	4	3	5743868
449000	4	1	5826576
449000	4	2	5826576
449000	4	3	5826576
450000	4	1	5837506
450000	4	2	5837506
450000	4	3	5837506
451000	4	1	5760817
451000	4	2	5760817
451000	4	3	5760817
452000	4	1	5844920
452000	4	2	5844920
452000	4	3	5844920
453000	4	1	5897509
453000	4	2	5897509
453000	4	3	5897509
454000	4	1	5921733
454000	4	2	5921733
454000	4	3	5921733
455000	4	1	5810399
455000	4	2	5810399
455000	4	3	5810399
456000	4	1	5891392
456000	4	2	5891392
456000	4	3	5891392
457000	4	1	5954062
457000	4	2	5954062
457000	4	3	5954062
458000	4	1	5960244
458000	4	2	5960244
458000	4	3	5960244
459000	4	1	5866557
459000	4	2	5866557
459000	4	3	5866557
460000	4	1	5929791
460000	4	2	5929791
460000	4	3	5929791
461000	4	1	6036127
461000	4	2	6036127
461000	4	3	6036127
462000	4	1	5995191
462000	4	2	5995191
462000	4	3	5995191
463000	4	1	5961975
463000	4	2	5961975
463000	4	3	5961975
464000	4	1	6009914
464000	4	2	6009914
464000	4	3	6009914
465000	4	1	5993973
465000	4	2	5993973
465000	4	3	5993973
466000	4	1	6069962
466000	4	2	6069962
466000	4	3	6069962
467000	4	1	5951993
467000	4	2	5951993
467000	4	3	5951993
468000	4	1	6061137
468000	4	2	6061137
468000	4	3	6061137
469000	4	1	6093622
469000	4	2	6093622
469000	4	3	6093622
470000	4	1	6115671
470000	4	2	6115671
470000	4	3	6115671
471000	4	1	6017068
471000	4	2	6017068
471000	4	3	6017068
472000	4	1	6079452
472000	4	2	6079452
472000	4	3	6079452
473000	4	1	6147324
473000	4	2	6147324
473000	4	3	6147324
474000	4	1	6214366
474000	4	2	6214366
474000	4	3	6214366
475000	4	1	6056927
475000	4	2	6056927
475000	4	3	6056927
476000	4	1	6167000
476000	4	2	6167000
476000	4	3	6167000
477000	4	1	6396214
477000	4	2	6396214
477000	4	3	6396214
478000	4	1	6223077
478000	4	2	6223077
478000	4	3	6223077
479000	4	1	6199590
479000	4	2	6199590
479000	4	3	6199590
480000	4	1	6194043
480000	4	2	6194043
480000	4	3	6194043
481000	4	1	6252675
481000	4	2	6252675
481000	4	3	6252675
482000	4	1	6357587
482000	4	2	6357587
482000	4	3	6357587
483000	4	1	6248694
483000	4	2	6248694
483000	4	3	6248694
484000	4	1	6310579
484000	4	2	6310579
484000	4	3	6310579
485000	4	1	6348163
485000	4	2	6348163
485000	4	3	6348163
486000	4	1	6367196
486000	4	2	6367196
486000	4	3	6367196
487000	4	1	6314596
487000	4	2	6314596
487000	4	3	6314596
488000	4	1	6393730
488000	4	2	6393730
488000	4	3	6393730
489000	4	1	6442114
489000	4	2	6442114
489000	4	3	6442114
490000	4	1	6490525
490000	4	2	6490525
490000	4	3	6490525
491000	4	1	6411491
491000	4	2	6411491
491000	4	3	6411491
492000	4	1	6285343
492000	4	2	6285343
492000	4	3	6285343
493000	4	1	6478389
493000	4	2	6478389
493000	4	3	6478389
494000	4	1	6365324
494000	4	2	6365324
494000	4	3	6365324
495000	4	1	6354065
495000	4	2	6354065
495000	4	3	6354065
496000	4	1	6371130
496000	4	2	6371130
496000	4	3	6371130
497000	4	1	6462859
497000	4	2	6462859
497000	4	3	6462859
498000	4	1	6474597
498000	4	2	6474597
498000	4	3	6474597
499000	4	1	6380547
499000	4	2	6380547
499000	4	3	6380547
500000	4	1	6507408
500000	4	2	6507408
500000	4	3	6507408
501000	4	1	6532965
501000	4	2	6532965
501000	4	3	6532965
502000	4	1	6459551
502000	4	2	6459551
502000	4	3	6459551
503000	4	1	6482216
503000	4	2	6482216
503000	4	3	6482216
504000	4	1	6527163
504000	4	2	6527163
504000	4	3	6527163
505000	4	1	6628081
505000	4	2	6628081
505000	4	3	6628081
506000	4	1	6669400
506000	4	2	6669400
506000	4	3	6669400
507000	4	1	6484515
507000	4	2	6484515
507000	4	3	6484515
508000	4	1	6613056
508000	4	2	6613056
508000	4	3	6613056
509000	4	1	6737339
509000	4	2	6737339
509000	4	3	6737339
510000	4	1	6648989
510000	4	2	6648989
510000	4	3	6648989
511000	4	1	6632639
511000	4	2	6632639
511000	4	3	6632639
512000	4	1	6596613
512000	4	2	6596613
512000	4	3	6596613
513000	4	1	6724184
513000	4	2	6724184
513000	4	3	6724184
514000	4	1	6763201
514000	4	2	6763201
514000	4	3	6763201
515000	4	1	6680393
515000	4	2	6680393
515000	4	3	6680393
516000	4	1	6734557
516000	4	2	6734557
516000	4	3	6734557
517000	4	1	6785945
517000	4	2	6785945
517000	4	3	6785945
518000	4	1	6804329
518000	4	2	6804329
518000	4	3	6804329
519000	4	1	6743499
519000	4	2	6743499
519000	4	3	6743499
520000	4	1	6798189
520000	4	2	6798189
520000	4	3	6798189
521000	4	1	6858348
521000	4	2	6858348
521000	4	3	6858348
522000	4	1	6897872
522000	4	2	6897872
522000	4	3	6897872
523000	4	1	6800597
523000	4	2	6800597
523000	4	3	6800597
524000	4	1	6867156
524000	4	2	6867156
524000	4	3	6867156
525000	4	1	6919145
525000	4	2	6919145
525000	4	3	6919145
526000	4	1	6906223
526000	4	2	6906223
526000	4	3	6906223
527000	4	1	6916018
527000	4	2	6916018
527000	4	3	6916018
528000	4	1	6887180
528000	4	2	6887180
528000	4	3	6887180
529000	4	1	7092700
529000	4	2	7092700
529000	4	3	7092700
530000	4	1	7054985
530000	4	2	7054985
530000	4	3	7054985
531000	4	1	6955769
531000	4	2	6955769
531000	4	3	6955769
532000	4	1	7001204
532000	4	2	7001204
532000	4	3	7001204
533000	4	1	7059382
533000	4	2	7059382
533000	4	3	7059382
534000	4	1	7042919
534000	4	2	7042919
534000	4	3	7042919
535000	4	1	7018855
535000	4	2	7018855
535000	4	3	7018855
536000	4	1	7084617
536000	4	2	7084617
536000	4	3	7084617
537000	4	1	7148301
537000	4	2	7148301
537000	4	3	7148301
538000	4	1	7192927
538000	4	2	7192927
538000	4	3	7192927
539000	4	1	7076358
539000	4	2	7076358
539000	4	3	7076358
540000	4	1	7140274
540000	4	2	7140274
540000	4	3	7140274
541000	4	1	7313414
541000	4	2	7313414
541000	4	3	7313414
542000	4	1	7226962
542000	4	2	7226962
542000	4	3	7226962
543000	4	1	7156462
543000	4	2	7156462
543000	4	3	7156462
544000	4	1	7131181
544000	4	2	7131181
544000	4	3	7131181
545000	4	1	7278199
545000	4	2	7278199
545000	4	3	7278199
546000	4	1	7356429
546000	4	2	7356429
546000	4	3	7356429
547000	4	1	7123404
547000	4	2	7123404
547000	4	3	7123404
548000	4	1	7489433
548000	4	2	7489433
548000	4	3	7489433
549000	4	1	7203218
549000	4	2	7203218
549000	4	3	7203218
550000	4	1	7220806
550000	4	2	7220806
550000	4	3	7220806
551000	4	1	7544284
551000	4	2	7544284
551000	4	3	7544284
552000	4	1	7421120
552000	4	2	7421120
552000	4	3	7421120
553000	4	1	7366162
553000	4	2	7366162
553000	4	3	7366162
554000	4	1	7391360
554000	4	2	7391360
554000	4	3	7391360
555000	4	1	7604584
555000	4	2	7604584
555000	4	3	7604584
556000	4	1	7551349
556000	4	2	7551349
556000	4	3	7551349
557000	4	1	7368208
557000	4	2	7368208
557000	4	3	7368208
558000	4	1	7590922
558000	4	2	7590922
558000	4	3	7590922
559000	4	1	7333451
559000	4	2	7333451
559000	4	3	7333451
560000	4	1	7341570
560000	4	2	7341570
560000	4	3	7341570
561000	4	1	7796728
561000	4	2	7796728
561000	4	3	7796728
562000	4	1	7448092
562000	4	2	7448092
562000	4	3	7448092
563000	4	1	7368296
563000	4	2	7368296
563000	4	3	7368296
564000	4	1	7649054
564000	4	2	7649054
564000	4	3	7649054
565000	4	1	7496930
565000	4	2	7496930
565000	4	3	7496930
566000	4	1	7737632
566000	4	2	7737632
566000	4	3	7737632
567000	4	1	7755820
567000	4	2	7755820
567000	4	3	7755820
568000	4	1	7472238
568000	4	2	7472238
568000	4	3	7472238
569000	4	1	7909646
569000	4	2	7909646
569000	4	3	7909646
570000	4	1	7899305
570000	4	2	7899305
570000	4	3	7899305
571000	4	1	7465061
571000	4	2	7465061
571000	4	3	7465061
572000	4	1	7773703
572000	4	2	7773703
572000	4	3	7773703
573000	4	1	7626334
573000	4	2	7626334
573000	4	3	7626334
574000	4	1	7641876
574000	4	2	7641876
574000	4	3	7641876
575000	4	1	7623396
575000	4	2	7623396
575000	4	3	7623396
576000	4	1	7705730
576000	4	2	7705730
576000	4	3	7705730
577000	4	1	7998643
577000	4	2	7998643
577000	4	3	7998643
578000	4	1	7924500
578000	4	2	7924500
578000	4	3	7924500
579000	4	1	7672187
579000	4	2	7672187
579000	4	3	7672187
580000	4	1	7754184
580000	4	2	7754184
580000	4	3	7754184
581000	4	1	7832397
581000	4	2	7832397
581000	4	3	7832397
582000	4	1	7830737
582000	4	2	7830737
582000	4	3	7830737
583000	4	1	7739979
583000	4	2	7739979
583000	4	3	7739979
584000	4	1	7951886
584000	4	2	7951886
584000	4	3	7951886
585000	4	1	8195622
585000	4	2	8195622
585000	4	3	8195622
586000	4	1	7925998
586000	4	2	7925998
586000	4	3	7925998
587000	4	1	8121832
587000	4	2	8121832
587000	4	3	8121832
588000	4	1	8006093
588000	4	2	8006093
588000	4	3	8006093
589000	4	1	7802005
589000	4	2	7802005
589000	4	3	7802005
590000	4	1	8073328
590000	4	2	8073328
590000	4	3	8073328
591000	4	1	7917044
591000	4	2	7917044
591000	4	3	7917044
592000	4	1	7868039
592000	4	2	7868039
592000	4	3	7868039
593000	4	1	8278786
593000	4	2	8278786
593000	4	3	8278786
594000	4	1	8268203
594000	4	2	8268203
594000	4	3	8268203
595000	4	1	8202970
595000	4	2	8202970
595000	4	3	8202970
596000	4	1	8116238
596000	4	2	8116238
596000	4	3	8116238
597000	4	1	8066142
597000	4	2	8066142
597000	4	3	8066142
598000	4	1	8076862
598000	4	2	8076862
598000	4	3	8076862
599000	4	1	8230902
599000	4	2	8230902
599000	4	3	8230902
600000	4	1	8031449
600000	4	2	8031449
600000	4	3	8031449
