10	0	1	1	bha1	0
10	0	1	2	bha1	0
10	0	1	3	bha1	0
10	0	2	1	bha1	0
10	0	2	2	bha1	0
10	0	2	3	bha1	0
10	0	3	1	bha1	0
10	0	3	2	bha1	0
10	0	3	3	bha1	0
10	1	1	1	bha1	0
10	1	1	2	bha1	0
10	1	1	3	bha1	0
10	1	2	1	bha1	0
10	1	2	2	bha1	0
10	1	2	3	bha1	0
10	1	3	1	bha1	0
10	1	3	2	bha1	0
10	1	3	3	bha1	0
10	2	1	1	bha1	0
10	2	1	2	bha1	0
10	2	1	3	bha1	0
10	2	2	1	bha1	0
10	2	2	2	bha1	0
10	2	2	3	bha1	0
10	2	3	1	bha1	0
10	2	3	2	bha1	0
10	2	3	3	bha1	0
10	3	1	1	bha1	0
10	3	1	2	bha1	0
10	3	1	3	bha1	0
10	3	2	1	bha1	0
10	3	2	2	bha1	0
10	3	2	3	bha1	0
10	3	3	1	bha1	0
10	3	3	2	bha1	0
10	3	3	3	bha1	0
10	4	1	1	bha1	0
10	4	1	2	bha1	0
10	4	1	3	bha1	0
10	4	2	1	bha1	0
10	4	2	2	bha1	0
10	4	2	3	bha1	0
10	4	3	1	bha1	0
10	4	3	2	bha1	0
10	4	3	3	bha1	0
10	5	1	1	bha1	0
10	5	1	2	bha1	0
10	5	1	3	bha1	0
10	5	2	1	bha1	0
10	5	2	2	bha1	0
10	5	2	3	bha1	0
10	5	3	1	bha1	0
10	5	3	2	bha1	0
10	5	3	3	bha1	0
10	6	1	1	bha1	0
10	6	1	2	bha1	0
10	6	1	3	bha1	0
10	6	2	1	bha1	0
10	6	2	2	bha1	0
10	6	2	3	bha1	0
10	6	3	1	bha1	0
10	6	3	2	bha1	0
10	6	3	3	bha1	0
10	7	1	1	bha1	0
10	7	1	2	bha1	0
10	7	1	3	bha1	0
10	7	2	1	bha1	0
10	7	2	2	bha1	0
10	7	2	3	bha1	0
10	7	3	1	bha1	0
10	7	3	2	bha1	0
10	7	3	3	bha1	0
10	8	1	1	bha1	0
10	8	1	2	bha1	0
10	8	1	3	bha1	0
10	8	2	1	bha1	0
10	8	2	2	bha1	0
10	8	2	3	bha1	0
10	8	3	1	bha1	0
10	8	3	2	bha1	0
10	8	3	3	bha1	0
10	9	1	1	bha1	0
10	9	1	2	bha1	0
10	9	1	3	bha1	0
10	9	2	1	bha1	0
10	9	2	2	bha1	0
10	9	2	3	bha1	0
10	9	3	1	bha1	0
10	9	3	2	bha1	0
10	9	3	3	bha1	0
20	0	1	1	bha1	0
20	0	1	2	bha1	0
20	0	1	3	bha1	0
20	0	2	1	bha1	0
20	0	2	2	bha1	0
20	0	2	3	bha1	0
20	0	3	1	bha1	0
20	0	3	2	bha1	0
20	0	3	3	bha1	0
20	1	1	1	bha1	0
20	1	1	2	bha1	0
20	1	1	3	bha1	0
20	1	2	1	bha1	0
20	1	2	2	bha1	0
20	1	2	3	bha1	0
20	1	3	1	bha1	0
20	1	3	2	bha1	0
20	1	3	3	bha1	0
20	2	1	1	bha1	0
20	2	1	2	bha1	0
20	2	1	3	bha1	0
20	2	2	1	bha1	0
20	2	2	2	bha1	0
20	2	2	3	bha1	0
20	2	3	1	bha1	0
20	2	3	2	bha1	0
20	2	3	3	bha1	0
20	3	1	1	bha1	0
20	3	1	2	bha1	0
20	3	1	3	bha1	0
20	3	2	1	bha1	0
20	3	2	2	bha1	0
20	3	2	3	bha1	0
20	3	3	1	bha1	0
20	3	3	2	bha1	0
20	3	3	3	bha1	0
20	4	1	1	bha1	0
20	4	1	2	bha1	0
20	4	1	3	bha1	0
20	4	2	1	bha1	0
20	4	2	2	bha1	0
20	4	2	3	bha1	0
20	4	3	1	bha1	0
20	4	3	2	bha1	0
20	4	3	3	bha1	0
20	5	1	1	bha1	0
20	5	1	2	bha1	0
20	5	1	3	bha1	0
20	5	2	1	bha1	0
20	5	2	2	bha1	0
20	5	2	3	bha1	0
20	5	3	1	bha1	0
20	5	3	2	bha1	0
20	5	3	3	bha1	0
20	6	1	1	bha1	0
20	6	1	2	bha1	0
20	6	1	3	bha1	0
20	6	2	1	bha1	0
20	6	2	2	bha1	0
20	6	2	3	bha1	0
20	6	3	1	bha1	0
20	6	3	2	bha1	0
20	6	3	3	bha1	0
20	7	1	1	bha1	0
20	7	1	2	bha1	0
20	7	1	3	bha1	0
20	7	2	1	bha1	0
20	7	2	2	bha1	0
20	7	2	3	bha1	0
20	7	3	1	bha1	0
20	7	3	2	bha1	0
20	7	3	3	bha1	0
20	8	1	1	bha1	0
20	8	1	2	bha1	0
20	8	1	3	bha1	0
20	8	2	1	bha1	0
20	8	2	2	bha1	0
20	8	2	3	bha1	0
20	8	3	1	bha1	0
20	8	3	2	bha1	0
20	8	3	3	bha1	0
20	9	1	1	bha1	0
20	9	1	2	bha1	0
20	9	1	3	bha1	0
20	9	2	1	bha1	0
20	9	2	2	bha1	0
20	9	2	3	bha1	0
20	9	3	1	bha1	0
20	9	3	2	bha1	0
20	9	3	3	bha1	0
30	0	1	1	bha1	0
30	0	1	2	bha1	0
30	0	1	3	bha1	0
30	0	2	1	bha1	0
30	0	2	2	bha1	0
30	0	2	3	bha1	0
30	0	3	1	bha1	0
30	0	3	2	bha1	0
30	0	3	3	bha1	0
30	1	1	1	bha1	0
30	1	1	2	bha1	0
30	1	1	3	bha1	0
30	1	2	1	bha1	0
30	1	2	2	bha1	0
30	1	2	3	bha1	0
30	1	3	1	bha1	0
30	1	3	2	bha1	0
30	1	3	3	bha1	0
30	2	1	1	bha1	0
30	2	1	2	bha1	0
30	2	1	3	bha1	0
30	2	2	1	bha1	0
30	2	2	2	bha1	0
30	2	2	3	bha1	0
30	2	3	1	bha1	0
30	2	3	2	bha1	0
30	2	3	3	bha1	0
30	3	1	1	bha1	0
30	3	1	2	bha1	0
30	3	1	3	bha1	0
30	3	2	1	bha1	0
30	3	2	2	bha1	0
30	3	2	3	bha1	0
30	3	3	1	bha1	0
30	3	3	2	bha1	0
30	3	3	3	bha1	0
30	4	1	1	bha1	0
30	4	1	2	bha1	0
30	4	1	3	bha1	0
30	4	2	1	bha1	0
30	4	2	2	bha1	0
30	4	2	3	bha1	0
30	4	3	1	bha1	0
30	4	3	2	bha1	0
30	4	3	3	bha1	0
30	5	1	1	bha1	0
30	5	1	2	bha1	0
30	5	1	3	bha1	0
30	5	2	1	bha1	0
30	5	2	2	bha1	0
30	5	2	3	bha1	0
30	5	3	1	bha1	0
30	5	3	2	bha1	0
30	5	3	3	bha1	0
30	6	1	1	bha1	0
30	6	1	2	bha1	0
30	6	1	3	bha1	0
30	6	2	1	bha1	0
30	6	2	2	bha1	0
30	6	2	3	bha1	0
30	6	3	1	bha1	0
30	6	3	2	bha1	0
30	6	3	3	bha1	0
30	7	1	1	bha1	0
30	7	1	2	bha1	0
30	7	1	3	bha1	0
30	7	2	1	bha1	0
30	7	2	2	bha1	0
30	7	2	3	bha1	0
30	7	3	1	bha1	0
30	7	3	2	bha1	0
30	7	3	3	bha1	0
30	8	1	1	bha1	0
30	8	1	2	bha1	0
30	8	1	3	bha1	0
30	8	2	1	bha1	0
30	8	2	2	bha1	0
30	8	2	3	bha1	0
30	8	3	1	bha1	0
30	8	3	2	bha1	0
30	8	3	3	bha1	0
30	9	1	1	bha1	0
30	9	1	2	bha1	0
30	9	1	3	bha1	0
30	9	2	1	bha1	0
30	9	2	2	bha1	0
30	9	2	3	bha1	0
30	9	3	1	bha1	0
30	9	3	2	bha1	0
30	9	3	3	bha1	0
40	0	1	1	bha1	0
40	0	1	2	bha1	0
40	0	1	3	bha1	0
40	0	2	1	bha1	0
40	0	2	2	bha1	0
40	0	2	3	bha1	0
40	0	3	1	bha1	0
40	0	3	2	bha1	0
40	0	3	3	bha1	0
40	1	1	1	bha1	0
40	1	1	2	bha1	0
40	1	1	3	bha1	0
40	1	2	1	bha1	0
40	1	2	2	bha1	0
40	1	2	3	bha1	0
40	1	3	1	bha1	0
40	1	3	2	bha1	0
40	1	3	3	bha1	0
40	2	1	1	bha1	0
40	2	1	2	bha1	0
40	2	1	3	bha1	0
40	2	2	1	bha1	0
40	2	2	2	bha1	0
40	2	2	3	bha1	0
40	2	3	1	bha1	0
40	2	3	2	bha1	0
40	2	3	3	bha1	0
40	3	1	1	bha1	0
40	3	1	2	bha1	0
40	3	1	3	bha1	0
40	3	2	1	bha1	0
40	3	2	2	bha1	0
40	3	2	3	bha1	0
40	3	3	1	bha1	0
40	3	3	2	bha1	0
40	3	3	3	bha1	0
40	4	1	1	bha1	0
40	4	1	2	bha1	0
40	4	1	3	bha1	0
40	4	2	1	bha1	0
40	4	2	2	bha1	0
40	4	2	3	bha1	0
40	4	3	1	bha1	0
40	4	3	2	bha1	0
40	4	3	3	bha1	0
40	5	1	1	bha1	0
40	5	1	2	bha1	0
40	5	1	3	bha1	0
40	5	2	1	bha1	0
40	5	2	2	bha1	0
40	5	2	3	bha1	0
40	5	3	1	bha1	0
40	5	3	2	bha1	0
40	5	3	3	bha1	0
40	6	1	1	bha1	0
40	6	1	2	bha1	0
40	6	1	3	bha1	0
40	6	2	1	bha1	0
40	6	2	2	bha1	0
40	6	2	3	bha1	0
40	6	3	1	bha1	0
40	6	3	2	bha1	0
40	6	3	3	bha1	0
40	7	1	1	bha1	0
40	7	1	2	bha1	0
40	7	1	3	bha1	0
40	7	2	1	bha1	0
40	7	2	2	bha1	0
40	7	2	3	bha1	0
40	7	3	1	bha1	0
40	7	3	2	bha1	0
40	7	3	3	bha1	0
40	8	1	1	bha1	0
40	8	1	2	bha1	0
40	8	1	3	bha1	0
40	8	2	1	bha1	0
40	8	2	2	bha1	0
40	8	2	3	bha1	0
40	8	3	1	bha1	0
40	8	3	2	bha1	0
40	8	3	3	bha1	0
40	9	1	1	bha1	0
40	9	1	2	bha1	0
40	9	1	3	bha1	0
40	9	2	1	bha1	0
40	9	2	2	bha1	0
40	9	2	3	bha1	0
40	9	3	1	bha1	0
40	9	3	2	bha1	0
40	9	3	3	bha1	0
50	0	1	1	bha1	0
50	0	1	2	bha1	0
50	0	1	3	bha1	0
50	0	2	1	bha1	0
50	0	2	2	bha1	0
50	0	2	3	bha1	0
50	0	3	1	bha1	0
50	0	3	2	bha1	0
50	0	3	3	bha1	0
50	1	1	1	bha1	0
50	1	1	2	bha1	0
50	1	1	3	bha1	0
50	1	2	1	bha1	0
50	1	2	2	bha1	0
50	1	2	3	bha1	0
50	1	3	1	bha1	0
50	1	3	2	bha1	0
50	1	3	3	bha1	0
50	2	1	1	bha1	0
50	2	1	2	bha1	0
50	2	1	3	bha1	0
50	2	2	1	bha1	0
50	2	2	2	bha1	0
50	2	2	3	bha1	0
50	2	3	1	bha1	0
50	2	3	2	bha1	0
50	2	3	3	bha1	0
50	3	1	1	bha1	0
50	3	1	2	bha1	0
50	3	1	3	bha1	0
50	3	2	1	bha1	0
50	3	2	2	bha1	0
50	3	2	3	bha1	0
50	3	3	1	bha1	0
50	3	3	2	bha1	0
50	3	3	3	bha1	0
50	4	1	1	bha1	0
50	4	1	2	bha1	0
50	4	1	3	bha1	0
50	4	2	1	bha1	0
50	4	2	2	bha1	0
50	4	2	3	bha1	0
50	4	3	1	bha1	0
50	4	3	2	bha1	0
50	4	3	3	bha1	0
50	5	1	1	bha1	0
50	5	1	2	bha1	0
50	5	1	3	bha1	0
50	5	2	1	bha1	0
50	5	2	2	bha1	0
50	5	2	3	bha1	0
50	5	3	1	bha1	0
50	5	3	2	bha1	0
50	5	3	3	bha1	0
50	6	1	1	bha1	0
50	6	1	2	bha1	0
50	6	1	3	bha1	0
50	6	2	1	bha1	0
50	6	2	2	bha1	0
50	6	2	3	bha1	0
50	6	3	1	bha1	0
50	6	3	2	bha1	0
50	6	3	3	bha1	0
50	7	1	1	bha1	0
50	7	1	2	bha1	0
50	7	1	3	bha1	0
50	7	2	1	bha1	0
50	7	2	2	bha1	0
50	7	2	3	bha1	0
50	7	3	1	bha1	0
50	7	3	2	bha1	0
50	7	3	3	bha1	0
50	8	1	1	bha1	0
50	8	1	2	bha1	0
50	8	1	3	bha1	0
50	8	2	1	bha1	0
50	8	2	2	bha1	0
50	8	2	3	bha1	0
50	8	3	1	bha1	0
50	8	3	2	bha1	0
50	8	3	3	bha1	0
50	9	1	1	bha1	0
50	9	1	2	bha1	0
50	9	1	3	bha1	0
50	9	2	1	bha1	0
50	9	2	2	bha1	0
50	9	2	3	bha1	0
50	9	3	1	bha1	0
50	9	3	2	bha1	0
50	9	3	3	bha1	0
60	0	1	1	bha1	0
60	0	1	2	bha1	0
60	0	1	3	bha1	0
60	0	2	1	bha1	0
60	0	2	2	bha1	0
60	0	2	3	bha1	0
60	0	3	1	bha1	0
60	0	3	2	bha1	0
60	0	3	3	bha1	0
60	1	1	1	bha1	0
60	1	1	2	bha1	0
60	1	1	3	bha1	0
60	1	2	1	bha1	0
60	1	2	2	bha1	0
60	1	2	3	bha1	0
60	1	3	1	bha1	0
60	1	3	2	bha1	0
60	1	3	3	bha1	0
60	2	1	1	bha1	0
60	2	1	2	bha1	0
60	2	1	3	bha1	0
60	2	2	1	bha1	0
60	2	2	2	bha1	0
60	2	2	3	bha1	0
60	2	3	1	bha1	0
60	2	3	2	bha1	0
60	2	3	3	bha1	0
60	3	1	1	bha1	0
60	3	1	2	bha1	0
60	3	1	3	bha1	0
60	3	2	1	bha1	0
60	3	2	2	bha1	0
60	3	2	3	bha1	0
60	3	3	1	bha1	0
60	3	3	2	bha1	0
60	3	3	3	bha1	0
60	4	1	1	bha1	0
60	4	1	2	bha1	0
60	4	1	3	bha1	0
60	4	2	1	bha1	0
60	4	2	2	bha1	0
60	4	2	3	bha1	0
60	4	3	1	bha1	0
60	4	3	2	bha1	0
60	4	3	3	bha1	0
60	5	1	1	bha1	0
60	5	1	2	bha1	0
60	5	1	3	bha1	0
60	5	2	1	bha1	0
60	5	2	2	bha1	0
60	5	2	3	bha1	0
60	5	3	1	bha1	0
60	5	3	2	bha1	0
60	5	3	3	bha1	0
60	6	1	1	bha1	0
60	6	1	2	bha1	0
60	6	1	3	bha1	0
60	6	2	1	bha1	0
60	6	2	2	bha1	0
60	6	2	3	bha1	0
60	6	3	1	bha1	0
60	6	3	2	bha1	0
60	6	3	3	bha1	0
60	7	1	1	bha1	0
60	7	1	2	bha1	0
60	7	1	3	bha1	0
60	7	2	1	bha1	0
60	7	2	2	bha1	0
60	7	2	3	bha1	0
60	7	3	1	bha1	0
60	7	3	2	bha1	0
60	7	3	3	bha1	0
60	8	1	1	bha1	0
60	8	1	2	bha1	0
60	8	1	3	bha1	0
60	8	2	1	bha1	0
60	8	2	2	bha1	0
60	8	2	3	bha1	0
60	8	3	1	bha1	0
60	8	3	2	bha1	0
60	8	3	3	bha1	0
60	9	1	1	bha1	0
60	9	1	2	bha1	0
60	9	1	3	bha1	0
60	9	2	1	bha1	0
60	9	2	2	bha1	0
60	9	2	3	bha1	0
60	9	3	1	bha1	0
60	9	3	2	bha1	0
60	9	3	3	bha1	0
70	0	1	1	bha1	0
70	0	1	2	bha1	0
70	0	1	3	bha1	0
70	0	2	1	bha1	0
70	0	2	2	bha1	0
70	0	2	3	bha1	0
70	0	3	1	bha1	0
70	0	3	2	bha1	0
70	0	3	3	bha1	0
70	1	1	1	bha1	0
70	1	1	2	bha1	0
70	1	1	3	bha1	0
70	1	2	1	bha1	0
70	1	2	2	bha1	0
70	1	2	3	bha1	0
70	1	3	1	bha1	0
70	1	3	2	bha1	0
70	1	3	3	bha1	0
70	2	1	1	bha1	0
70	2	1	2	bha1	0
70	2	1	3	bha1	0
70	2	2	1	bha1	0
70	2	2	2	bha1	0
70	2	2	3	bha1	0
70	2	3	1	bha1	0
70	2	3	2	bha1	0
70	2	3	3	bha1	0
70	3	1	1	bha1	0
70	3	1	2	bha1	0
70	3	1	3	bha1	0
70	3	2	1	bha1	0
70	3	2	2	bha1	0
70	3	2	3	bha1	0
70	3	3	1	bha1	0
70	3	3	2	bha1	0
70	3	3	3	bha1	0
70	4	1	1	bha1	0
70	4	1	2	bha1	0
70	4	1	3	bha1	0
70	4	2	1	bha1	0
70	4	2	2	bha1	0
70	4	2	3	bha1	0
70	4	3	1	bha1	0
70	4	3	2	bha1	0
70	4	3	3	bha1	0
70	5	1	1	bha1	0
70	5	1	2	bha1	0
70	5	1	3	bha1	0
70	5	2	1	bha1	0
70	5	2	2	bha1	0
70	5	2	3	bha1	0
70	5	3	1	bha1	0
70	5	3	2	bha1	0
70	5	3	3	bha1	0
70	6	1	1	bha1	0
70	6	1	2	bha1	0
70	6	1	3	bha1	0
70	6	2	1	bha1	0
70	6	2	2	bha1	0
70	6	2	3	bha1	0
70	6	3	1	bha1	0
70	6	3	2	bha1	0
70	6	3	3	bha1	0
70	7	1	1	bha1	0
70	7	1	2	bha1	0
70	7	1	3	bha1	0
70	7	2	1	bha1	0
70	7	2	2	bha1	0
70	7	2	3	bha1	0
70	7	3	1	bha1	0
70	7	3	2	bha1	0
70	7	3	3	bha1	0
70	8	1	1	bha1	0
70	8	1	2	bha1	0
70	8	1	3	bha1	0
70	8	2	1	bha1	0
70	8	2	2	bha1	0
70	8	2	3	bha1	0
70	8	3	1	bha1	0
70	8	3	2	bha1	0
70	8	3	3	bha1	0
70	9	1	1	bha1	0
70	9	1	2	bha1	0
70	9	1	3	bha1	0
70	9	2	1	bha1	0
70	9	2	2	bha1	0
70	9	2	3	bha1	0
70	9	3	1	bha1	0
70	9	3	2	bha1	0
70	9	3	3	bha1	0
80	0	1	1	bha1	0
80	0	1	2	bha1	0
80	0	1	3	bha1	0
80	0	2	1	bha1	0
80	0	2	2	bha1	0
80	0	2	3	bha1	0
80	0	3	1	bha1	0
80	0	3	2	bha1	0
80	0	3	3	bha1	0
80	1	1	1	bha1	0
80	1	1	2	bha1	0
80	1	1	3	bha1	0
80	1	2	1	bha1	0
80	1	2	2	bha1	0
80	1	2	3	bha1	0
80	1	3	1	bha1	0
80	1	3	2	bha1	0
80	1	3	3	bha1	0
80	2	1	1	bha1	0
80	2	1	2	bha1	0
80	2	1	3	bha1	0
80	2	2	1	bha1	0
80	2	2	2	bha1	0
80	2	2	3	bha1	0
80	2	3	1	bha1	0
80	2	3	2	bha1	0
80	2	3	3	bha1	0
80	3	1	1	bha1	0
80	3	1	2	bha1	0
80	3	1	3	bha1	0
80	3	2	1	bha1	0
80	3	2	2	bha1	0
80	3	2	3	bha1	0
80	3	3	1	bha1	0
80	3	3	2	bha1	0
80	3	3	3	bha1	0
80	4	1	1	bha1	0
80	4	1	2	bha1	0
80	4	1	3	bha1	0
80	4	2	1	bha1	0
80	4	2	2	bha1	0
80	4	2	3	bha1	0
80	4	3	1	bha1	0
80	4	3	2	bha1	0
80	4	3	3	bha1	0
80	5	1	1	bha1	0
80	5	1	2	bha1	0
80	5	1	3	bha1	0
80	5	2	1	bha1	0
80	5	2	2	bha1	0
80	5	2	3	bha1	0
80	5	3	1	bha1	0
80	5	3	2	bha1	0
80	5	3	3	bha1	0
80	6	1	1	bha1	0
80	6	1	2	bha1	0
80	6	1	3	bha1	0
80	6	2	1	bha1	0
80	6	2	2	bha1	0
80	6	2	3	bha1	0
80	6	3	1	bha1	0
80	6	3	2	bha1	0
80	6	3	3	bha1	0
80	7	1	1	bha1	0
80	7	1	2	bha1	0
80	7	1	3	bha1	0
80	7	2	1	bha1	0
80	7	2	2	bha1	0
80	7	2	3	bha1	0
80	7	3	1	bha1	0
80	7	3	2	bha1	0
80	7	3	3	bha1	0
80	8	1	1	bha1	0
80	8	1	2	bha1	0
80	8	1	3	bha1	0
80	8	2	1	bha1	0
80	8	2	2	bha1	0
80	8	2	3	bha1	0
80	8	3	1	bha1	0
80	8	3	2	bha1	0
80	8	3	3	bha1	0
80	9	1	1	bha1	0
80	9	1	2	bha1	0
80	9	1	3	bha1	0
80	9	2	1	bha1	0
80	9	2	2	bha1	0
80	9	2	3	bha1	0
80	9	3	1	bha1	0
80	9	3	2	bha1	0
80	9	3	3	bha1	0
90	0	1	1	bha1	0
90	0	1	2	bha1	0
90	0	1	3	bha1	0
90	0	2	1	bha1	0
90	0	2	2	bha1	0
90	0	2	3	bha1	0
90	0	3	1	bha1	0
90	0	3	2	bha1	0
90	0	3	3	bha1	0
90	1	1	1	bha1	0
90	1	1	2	bha1	0
90	1	1	3	bha1	0
90	1	2	1	bha1	0
90	1	2	2	bha1	0
90	1	2	3	bha1	0
90	1	3	1	bha1	0
90	1	3	2	bha1	0
90	1	3	3	bha1	0
90	2	1	1	bha1	0
90	2	1	2	bha1	0
90	2	1	3	bha1	0
90	2	2	1	bha1	0
90	2	2	2	bha1	0
90	2	2	3	bha1	0
90	2	3	1	bha1	0
90	2	3	2	bha1	0
90	2	3	3	bha1	0
90	3	1	1	bha1	0
90	3	1	2	bha1	0
90	3	1	3	bha1	0
90	3	2	1	bha1	0
90	3	2	2	bha1	0
90	3	2	3	bha1	0
90	3	3	1	bha1	0
90	3	3	2	bha1	0
90	3	3	3	bha1	0
90	4	1	1	bha1	0
90	4	1	2	bha1	0
90	4	1	3	bha1	0
90	4	2	1	bha1	0
90	4	2	2	bha1	0
90	4	2	3	bha1	0
90	4	3	1	bha1	0
90	4	3	2	bha1	0
90	4	3	3	bha1	0
90	5	1	1	bha1	0
90	5	1	2	bha1	0
90	5	1	3	bha1	0
90	5	2	1	bha1	0
90	5	2	2	bha1	0
90	5	2	3	bha1	0
90	5	3	1	bha1	0
90	5	3	2	bha1	0
90	5	3	3	bha1	0
90	6	1	1	bha1	0
90	6	1	2	bha1	0
90	6	1	3	bha1	0
90	6	2	1	bha1	0
90	6	2	2	bha1	0
90	6	2	3	bha1	0
90	6	3	1	bha1	0
90	6	3	2	bha1	0
90	6	3	3	bha1	0
90	7	1	1	bha1	0
90	7	1	2	bha1	0
90	7	1	3	bha1	0
90	7	2	1	bha1	0
90	7	2	2	bha1	0
90	7	2	3	bha1	0
90	7	3	1	bha1	0
90	7	3	2	bha1	0
90	7	3	3	bha1	0
90	8	1	1	bha1	0
90	8	1	2	bha1	0
90	8	1	3	bha1	0
90	8	2	1	bha1	0
90	8	2	2	bha1	0
90	8	2	3	bha1	0
90	8	3	1	bha1	0
90	8	3	2	bha1	0
90	8	3	3	bha1	0
90	9	1	1	bha1	0
90	9	1	2	bha1	0
90	9	1	3	bha1	0
90	9	2	1	bha1	0
90	9	2	2	bha1	0
90	9	2	3	bha1	0
90	9	3	1	bha1	0
90	9	3	2	bha1	0
90	9	3	3	bha1	0
100	0	1	1	bha1	0
100	0	1	2	bha1	0
100	0	1	3	bha1	0
100	0	2	1	bha1	0
100	0	2	2	bha1	0
100	0	2	3	bha1	0
100	0	3	1	bha1	0
100	0	3	2	bha1	0
100	0	3	3	bha1	0
100	1	1	1	bha1	0
100	1	1	2	bha1	0
100	1	1	3	bha1	0
100	1	2	1	bha1	0
100	1	2	2	bha1	0
100	1	2	3	bha1	0
100	1	3	1	bha1	0
100	1	3	2	bha1	0
100	1	3	3	bha1	0
100	2	1	1	bha1	0
100	2	1	2	bha1	0
100	2	1	3	bha1	0
100	2	2	1	bha1	0
100	2	2	2	bha1	0
100	2	2	3	bha1	0
100	2	3	1	bha1	0
100	2	3	2	bha1	0
100	2	3	3	bha1	0
100	3	1	1	bha1	0
100	3	1	2	bha1	0
100	3	1	3	bha1	0
100	3	2	1	bha1	0
100	3	2	2	bha1	0
100	3	2	3	bha1	0
100	3	3	1	bha1	0
100	3	3	2	bha1	0
100	3	3	3	bha1	0
100	4	1	1	bha1	0
100	4	1	2	bha1	0
100	4	1	3	bha1	0
100	4	2	1	bha1	0
100	4	2	2	bha1	0
100	4	2	3	bha1	0
100	4	3	1	bha1	0
100	4	3	2	bha1	0
100	4	3	3	bha1	0
100	5	1	1	bha1	0
100	5	1	2	bha1	0
100	5	1	3	bha1	0
100	5	2	1	bha1	0
100	5	2	2	bha1	0
100	5	2	3	bha1	0
100	5	3	1	bha1	0
100	5	3	2	bha1	0
100	5	3	3	bha1	0
100	6	1	1	bha1	0
100	6	1	2	bha1	0
100	6	1	3	bha1	0
100	6	2	1	bha1	0
100	6	2	2	bha1	0
100	6	2	3	bha1	0
100	6	3	1	bha1	0
100	6	3	2	bha1	0
100	6	3	3	bha1	0
100	7	1	1	bha1	0
100	7	1	2	bha1	0
100	7	1	3	bha1	0
100	7	2	1	bha1	0
100	7	2	2	bha1	0
100	7	2	3	bha1	0
100	7	3	1	bha1	0
100	7	3	2	bha1	0
100	7	3	3	bha1	0
100	8	1	1	bha1	0
100	8	1	2	bha1	0
100	8	1	3	bha1	0
100	8	2	1	bha1	0
100	8	2	2	bha1	0
100	8	2	3	bha1	0
100	8	3	1	bha1	0
100	8	3	2	bha1	0
100	8	3	3	bha1	0
100	9	1	1	bha1	0
100	9	1	2	bha1	0
100	9	1	3	bha1	0
100	9	2	1	bha1	0
100	9	2	2	bha1	0
100	9	2	3	bha1	0
100	9	3	1	bha1	0
100	9	3	2	bha1	0
100	9	3	3	bha1	0
500	0	1	1	bha1	0
500	0	1	2	bha1	0
500	0	1	3	bha1	0
500	0	2	1	bha1	0
500	0	2	2	bha1	10000
500	0	2	3	bha1	0
500	0	3	1	bha1	10000
500	0	3	2	bha1	0
500	0	3	3	bha1	0
500	1	1	1	bha1	0
500	1	1	2	bha1	10000
500	1	1	3	bha1	0
500	1	2	1	bha1	10000
500	1	2	2	bha1	10000
500	1	2	3	bha1	0
500	1	3	1	bha1	0
500	1	3	2	bha1	10000
500	1	3	3	bha1	0
500	2	1	1	bha1	0
500	2	1	2	bha1	0
500	2	1	3	bha1	0
500	2	2	1	bha1	0
500	2	2	2	bha1	10000
500	2	2	3	bha1	0
500	2	3	1	bha1	0
500	2	3	2	bha1	0
500	2	3	3	bha1	0
500	3	1	1	bha1	0
500	3	1	2	bha1	10000
500	3	1	3	bha1	0
500	3	2	1	bha1	0
500	3	2	2	bha1	0
500	3	2	3	bha1	0
500	3	3	1	bha1	10000
500	3	3	2	bha1	10000
500	3	3	3	bha1	0
500	4	1	1	bha1	0
500	4	1	2	bha1	0
500	4	1	3	bha1	0
500	4	2	1	bha1	0
500	4	2	2	bha1	0
500	4	2	3	bha1	0
500	4	3	1	bha1	0
500	4	3	2	bha1	0
500	4	3	3	bha1	0
500	5	1	1	bha1	0
500	5	1	2	bha1	0
500	5	1	3	bha1	0
500	5	2	1	bha1	0
500	5	2	2	bha1	0
500	5	2	3	bha1	0
500	5	3	1	bha1	0
500	5	3	2	bha1	0
500	5	3	3	bha1	0
500	6	1	1	bha1	0
500	6	1	2	bha1	0
500	6	1	3	bha1	0
500	6	2	1	bha1	0
500	6	2	2	bha1	0
500	6	2	3	bha1	0
500	6	3	1	bha1	0
500	6	3	2	bha1	0
500	6	3	3	bha1	0
500	7	1	1	bha1	0
500	7	1	2	bha1	0
500	7	1	3	bha1	0
500	7	2	1	bha1	0
500	7	2	2	bha1	0
500	7	2	3	bha1	0
500	7	3	1	bha1	0
500	7	3	2	bha1	0
500	7	3	3	bha1	0
500	8	1	1	bha1	0
500	8	1	2	bha1	0
500	8	1	3	bha1	0
500	8	2	1	bha1	0
500	8	2	2	bha1	0
500	8	2	3	bha1	0
500	8	3	1	bha1	0
500	8	3	2	bha1	0
500	8	3	3	bha1	0
500	9	1	1	bha1	0
500	9	1	2	bha1	0
500	9	1	3	bha1	0
500	9	2	1	bha1	0
500	9	2	2	bha1	0
500	9	2	3	bha1	0
500	9	3	1	bha1	0
500	9	3	2	bha1	0
500	9	3	3	bha1	0
1000	0	1	1	bha1	30000
1000	0	1	2	bha1	30000
1000	0	1	3	bha1	30000
1000	0	2	1	bha1	30000
1000	0	2	2	bha1	30000
1000	0	2	3	bha1	30000
1000	0	3	1	bha1	30000
1000	0	3	2	bha1	30000
1000	0	3	3	bha1	30000
1000	1	1	1	bha1	20000
1000	1	1	2	bha1	30000
1000	1	1	3	bha1	20000
1000	1	2	1	bha1	30000
1000	1	2	2	bha1	20000
1000	1	2	3	bha1	30000
1000	1	3	1	bha1	30000
1000	1	3	2	bha1	30000
1000	1	3	3	bha1	20000
1000	2	1	1	bha1	20000
1000	2	1	2	bha1	20000
1000	2	1	3	bha1	30000
1000	2	2	1	bha1	20000
1000	2	2	2	bha1	20000
1000	2	2	3	bha1	20000
1000	2	3	1	bha1	20000
1000	2	3	2	bha1	20000
1000	2	3	3	bha1	20000
1000	3	1	1	bha1	20000
1000	3	1	2	bha1	10000
1000	3	1	3	bha1	20000
1000	3	2	1	bha1	20000
1000	3	2	2	bha1	20000
1000	3	2	3	bha1	20000
1000	3	3	1	bha1	20000
1000	3	3	2	bha1	20000
1000	3	3	3	bha1	20000
1000	4	1	1	bha1	20000
1000	4	1	2	bha1	10000
1000	4	1	3	bha1	20000
1000	4	2	1	bha1	20000
1000	4	2	2	bha1	20000
1000	4	2	3	bha1	20000
1000	4	3	1	bha1	20000
1000	4	3	2	bha1	20000
1000	4	3	3	bha1	20000
1000	5	1	1	bha1	10000
1000	5	1	2	bha1	10000
1000	5	1	3	bha1	10000
1000	5	2	1	bha1	10000
1000	5	2	2	bha1	10000
1000	5	2	3	bha1	10000
1000	5	3	1	bha1	20000
1000	5	3	2	bha1	10000
1000	5	3	3	bha1	10000
1000	6	1	1	bha1	10000
1000	6	1	2	bha1	0
1000	6	1	3	bha1	0
1000	6	2	1	bha1	10000
1000	6	2	2	bha1	10000
1000	6	2	3	bha1	10000
1000	6	3	1	bha1	0
1000	6	3	2	bha1	10000
1000	6	3	3	bha1	0
1000	7	1	1	bha1	10000
1000	7	1	2	bha1	0
1000	7	1	3	bha1	10000
1000	7	2	1	bha1	10000
1000	7	2	2	bha1	10000
1000	7	2	3	bha1	0
1000	7	3	1	bha1	10000
1000	7	3	2	bha1	0
1000	7	3	3	bha1	10000
1000	8	1	1	bha1	0
1000	8	1	2	bha1	10000
1000	8	1	3	bha1	0
1000	8	2	1	bha1	0
1000	8	2	2	bha1	0
1000	8	2	3	bha1	0
1000	8	3	1	bha1	0
1000	8	3	2	bha1	0
1000	8	3	3	bha1	10000
1000	9	1	1	bha1	0
1000	9	1	2	bha1	0
1000	9	1	3	bha1	0
1000	9	2	1	bha1	0
1000	9	2	2	bha1	0
1000	9	2	3	bha1	0
1000	9	3	1	bha1	0
1000	9	3	2	bha1	0
1000	9	3	3	bha1	0
1500	0	1	1	bha1	70000
1500	0	1	2	bha1	70000
1500	0	1	3	bha1	70000
1500	0	2	1	bha1	70000
1500	0	2	2	bha1	70000
1500	0	2	3	bha1	70000
1500	0	3	1	bha1	70000
1500	0	3	2	bha1	70000
1500	0	3	3	bha1	70000
1500	1	1	1	bha1	60000
1500	1	1	2	bha1	60000
1500	1	1	3	bha1	60000
1500	1	2	1	bha1	60000
1500	1	2	2	bha1	60000
1500	1	2	3	bha1	60000
1500	1	3	1	bha1	60000
1500	1	3	2	bha1	60000
1500	1	3	3	bha1	60000
1500	2	1	1	bha1	50000
1500	2	1	2	bha1	40000
1500	2	1	3	bha1	60000
1500	2	2	1	bha1	50000
1500	2	2	2	bha1	50000
1500	2	2	3	bha1	50000
1500	2	3	1	bha1	50000
1500	2	3	2	bha1	50000
1500	2	3	3	bha1	60000
1500	3	1	1	bha1	50000
1500	3	1	2	bha1	50000
1500	3	1	3	bha1	50000
1500	3	2	1	bha1	50000
1500	3	2	2	bha1	50000
1500	3	2	3	bha1	50000
1500	3	3	1	bha1	50000
1500	3	3	2	bha1	50000
1500	3	3	3	bha1	50000
1500	4	1	1	bha1	40000
1500	4	1	2	bha1	40000
1500	4	1	3	bha1	40000
1500	4	2	1	bha1	40000
1500	4	2	2	bha1	50000
1500	4	2	3	bha1	40000
1500	4	3	1	bha1	40000
1500	4	3	2	bha1	40000
1500	4	3	3	bha1	40000
1500	5	1	1	bha1	30000
1500	5	1	2	bha1	40000
1500	5	1	3	bha1	30000
1500	5	2	1	bha1	30000
1500	5	2	2	bha1	40000
1500	5	2	3	bha1	40000
1500	5	3	1	bha1	30000
1500	5	3	2	bha1	40000
1500	5	3	3	bha1	40000
1500	6	1	1	bha1	20000
1500	6	1	2	bha1	20000
1500	6	1	3	bha1	20000
1500	6	2	1	bha1	30000
1500	6	2	2	bha1	30000
1500	6	2	3	bha1	30000
1500	6	3	1	bha1	30000
1500	6	3	2	bha1	20000
1500	6	3	3	bha1	20000
1500	7	1	1	bha1	20000
1500	7	1	2	bha1	20000
1500	7	1	3	bha1	20000
1500	7	2	1	bha1	20000
1500	7	2	2	bha1	20000
1500	7	2	3	bha1	20000
1500	7	3	1	bha1	20000
1500	7	3	2	bha1	20000
1500	7	3	3	bha1	20000
1500	8	1	1	bha1	10000
1500	8	1	2	bha1	20000
1500	8	1	3	bha1	20000
1500	8	2	1	bha1	10000
1500	8	2	2	bha1	10000
1500	8	2	3	bha1	10000
1500	8	3	1	bha1	20000
1500	8	3	2	bha1	20000
1500	8	3	3	bha1	20000
1500	9	1	1	bha1	10000
1500	9	1	2	bha1	10000
1500	9	1	3	bha1	10000
1500	9	2	1	bha1	10000
1500	9	2	2	bha1	10000
1500	9	2	3	bha1	10000
1500	9	3	1	bha1	10000
1500	9	3	2	bha1	10000
1500	9	3	3	bha1	10000
2000	0	1	1	bha1	130000
2000	0	1	2	bha1	120000
2000	0	1	3	bha1	120000
2000	0	2	1	bha1	130000
2000	0	2	2	bha1	120000
2000	0	2	3	bha1	130000
2000	0	3	1	bha1	130000
2000	0	3	2	bha1	120000
2000	0	3	3	bha1	130000
2000	1	1	1	bha1	120000
2000	1	1	2	bha1	120000
2000	1	1	3	bha1	110000
2000	1	2	1	bha1	110000
2000	1	2	2	bha1	100000
2000	1	2	3	bha1	110000
2000	1	3	1	bha1	110000
2000	1	3	2	bha1	120000
2000	1	3	3	bha1	110000
2000	2	1	1	bha1	110000
2000	2	1	2	bha1	100000
2000	2	1	3	bha1	100000
2000	2	2	1	bha1	120000
2000	2	2	2	bha1	110000
2000	2	2	3	bha1	110000
2000	2	3	1	bha1	100000
2000	2	3	2	bha1	100000
2000	2	3	3	bha1	100000
2000	3	1	1	bha1	90000
2000	3	1	2	bha1	100000
2000	3	1	3	bha1	90000
2000	3	2	1	bha1	90000
2000	3	2	2	bha1	100000
2000	3	2	3	bha1	90000
2000	3	3	1	bha1	100000
2000	3	3	2	bha1	100000
2000	3	3	3	bha1	90000
2000	4	1	1	bha1	80000
2000	4	1	2	bha1	80000
2000	4	1	3	bha1	80000
2000	4	2	1	bha1	80000
2000	4	2	2	bha1	80000
2000	4	2	3	bha1	80000
2000	4	3	1	bha1	80000
2000	4	3	2	bha1	80000
2000	4	3	3	bha1	90000
2000	5	1	1	bha1	60000
2000	5	1	2	bha1	70000
2000	5	1	3	bha1	70000
2000	5	2	1	bha1	70000
2000	5	2	2	bha1	60000
2000	5	2	3	bha1	70000
2000	5	3	1	bha1	70000
2000	5	3	2	bha1	70000
2000	5	3	3	bha1	70000
2000	6	1	1	bha1	60000
2000	6	1	2	bha1	60000
2000	6	1	3	bha1	50000
2000	6	2	1	bha1	60000
2000	6	2	2	bha1	50000
2000	6	2	3	bha1	60000
2000	6	3	1	bha1	60000
2000	6	3	2	bha1	60000
2000	6	3	3	bha1	50000
2000	7	1	1	bha1	40000
2000	7	1	2	bha1	40000
2000	7	1	3	bha1	40000
2000	7	2	1	bha1	40000
2000	7	2	2	bha1	40000
2000	7	2	3	bha1	40000
2000	7	3	1	bha1	40000
2000	7	3	2	bha1	40000
2000	7	3	3	bha1	40000
2000	8	1	1	bha1	30000
2000	8	1	2	bha1	30000
2000	8	1	3	bha1	20000
2000	8	2	1	bha1	20000
2000	8	2	2	bha1	30000
2000	8	2	3	bha1	30000
2000	8	3	1	bha1	20000
2000	8	3	2	bha1	30000
2000	8	3	3	bha1	30000
2000	9	1	1	bha1	20000
2000	9	1	2	bha1	20000
2000	9	1	3	bha1	10000
2000	9	2	1	bha1	10000
2000	9	2	2	bha1	10000
2000	9	2	3	bha1	10000
2000	9	3	1	bha1	20000
2000	9	3	2	bha1	20000
2000	9	3	3	bha1	10000
2500	0	1	1	bha1	200000
2500	0	1	2	bha1	200000
2500	0	1	3	bha1	200000
2500	0	2	1	bha1	200000
2500	0	2	2	bha1	200000
2500	0	2	3	bha1	200000
2500	0	3	1	bha1	210000
2500	0	3	2	bha1	200000
2500	0	3	3	bha1	200000
2500	1	1	1	bha1	180000
2500	1	1	2	bha1	190000
2500	1	1	3	bha1	200000
2500	1	2	1	bha1	180000
2500	1	2	2	bha1	190000
2500	1	2	3	bha1	190000
2500	1	3	1	bha1	180000
2500	1	3	2	bha1	180000
2500	1	3	3	bha1	180000
2500	2	1	1	bha1	170000
2500	2	1	2	bha1	170000
2500	2	1	3	bha1	170000
2500	2	2	1	bha1	170000
2500	2	2	2	bha1	170000
2500	2	2	3	bha1	170000
2500	2	3	1	bha1	170000
2500	2	3	2	bha1	160000
2500	2	3	3	bha1	170000
2500	3	1	1	bha1	150000
2500	3	1	2	bha1	150000
2500	3	1	3	bha1	160000
2500	3	2	1	bha1	150000
2500	3	2	2	bha1	150000
2500	3	2	3	bha1	150000
2500	3	3	1	bha1	150000
2500	3	3	2	bha1	150000
2500	3	3	3	bha1	150000
2500	4	1	1	bha1	120000
2500	4	1	2	bha1	130000
2500	4	1	3	bha1	130000
2500	4	2	1	bha1	130000
2500	4	2	2	bha1	130000
2500	4	2	3	bha1	130000
2500	4	3	1	bha1	130000
2500	4	3	2	bha1	130000
2500	4	3	3	bha1	130000
2500	5	1	1	bha1	110000
2500	5	1	2	bha1	100000
2500	5	1	3	bha1	110000
2500	5	2	1	bha1	110000
2500	5	2	2	bha1	110000
2500	5	2	3	bha1	110000
2500	5	3	1	bha1	110000
2500	5	3	2	bha1	120000
2500	5	3	3	bha1	120000
2500	6	1	1	bha1	100000
2500	6	1	2	bha1	90000
2500	6	1	3	bha1	90000
2500	6	2	1	bha1	90000
2500	6	2	2	bha1	90000
2500	6	2	3	bha1	90000
2500	6	3	1	bha1	90000
2500	6	3	2	bha1	90000
2500	6	3	3	bha1	100000
2500	7	1	1	bha1	70000
2500	7	1	2	bha1	70000
2500	7	1	3	bha1	70000
2500	7	2	1	bha1	70000
2500	7	2	2	bha1	70000
2500	7	2	3	bha1	70000
2500	7	3	1	bha1	70000
2500	7	3	2	bha1	60000
2500	7	3	3	bha1	60000
2500	8	1	1	bha1	50000
2500	8	1	2	bha1	50000
2500	8	1	3	bha1	40000
2500	8	2	1	bha1	40000
2500	8	2	2	bha1	50000
2500	8	2	3	bha1	50000
2500	8	3	1	bha1	50000
2500	8	3	2	bha1	40000
2500	8	3	3	bha1	40000
2500	9	1	1	bha1	20000
2500	9	1	2	bha1	20000
2500	9	1	3	bha1	30000
2500	9	2	1	bha1	20000
2500	9	2	2	bha1	20000
2500	9	2	3	bha1	20000
2500	9	3	1	bha1	20000
2500	9	3	2	bha1	20000
2500	9	3	3	bha1	20000
3000	0	1	1	bha1	310000
3000	0	1	2	bha1	300000
3000	0	1	3	bha1	310000
3000	0	2	1	bha1	310000
3000	0	2	2	bha1	310000
3000	0	2	3	bha1	310000
3000	0	3	1	bha1	310000
3000	0	3	2	bha1	300000
3000	0	3	3	bha1	310000
3000	1	1	1	bha1	280000
3000	1	1	2	bha1	280000
3000	1	1	3	bha1	280000
3000	1	2	1	bha1	280000
3000	1	2	2	bha1	280000
3000	1	2	3	bha1	280000
3000	1	3	1	bha1	280000
3000	1	3	2	bha1	270000
3000	1	3	3	bha1	270000
3000	2	1	1	bha1	250000
3000	2	1	2	bha1	250000
3000	2	1	3	bha1	240000
3000	2	2	1	bha1	260000
3000	2	2	2	bha1	250000
3000	2	2	3	bha1	260000
3000	2	3	1	bha1	250000
3000	2	3	2	bha1	250000
3000	2	3	3	bha1	250000
3000	3	1	1	bha1	230000
3000	3	1	2	bha1	220000
3000	3	1	3	bha1	230000
3000	3	2	1	bha1	220000
3000	3	2	2	bha1	230000
3000	3	2	3	bha1	220000
3000	3	3	1	bha1	220000
3000	3	3	2	bha1	230000
3000	3	3	3	bha1	220000
3000	4	1	1	bha1	190000
3000	4	1	2	bha1	190000
3000	4	1	3	bha1	200000
3000	4	2	1	bha1	200000
3000	4	2	2	bha1	190000
3000	4	2	3	bha1	190000
3000	4	3	1	bha1	190000
3000	4	3	2	bha1	200000
3000	4	3	3	bha1	190000
3000	5	1	1	bha1	170000
3000	5	1	2	bha1	170000
3000	5	1	3	bha1	160000
3000	5	2	1	bha1	160000
3000	5	2	2	bha1	160000
3000	5	2	3	bha1	160000
3000	5	3	1	bha1	160000
3000	5	3	2	bha1	160000
3000	5	3	3	bha1	160000
3000	6	1	1	bha1	140000
3000	6	1	2	bha1	130000
3000	6	1	3	bha1	130000
3000	6	2	1	bha1	140000
3000	6	2	2	bha1	140000
3000	6	2	3	bha1	130000
3000	6	3	1	bha1	130000
3000	6	3	2	bha1	130000
3000	6	3	3	bha1	140000
3000	7	1	1	bha1	100000
3000	7	1	2	bha1	100000
3000	7	1	3	bha1	90000
3000	7	2	1	bha1	100000
3000	7	2	2	bha1	100000
3000	7	2	3	bha1	100000
3000	7	3	1	bha1	110000
3000	7	3	2	bha1	100000
3000	7	3	3	bha1	100000
3000	8	1	1	bha1	60000
3000	8	1	2	bha1	70000
3000	8	1	3	bha1	60000
3000	8	2	1	bha1	70000
3000	8	2	2	bha1	60000
3000	8	2	3	bha1	60000
3000	8	3	1	bha1	60000
3000	8	3	2	bha1	70000
3000	8	3	3	bha1	70000
3000	9	1	1	bha1	20000
3000	9	1	2	bha1	40000
3000	9	1	3	bha1	30000
3000	9	2	1	bha1	30000
3000	9	2	2	bha1	40000
3000	9	2	3	bha1	30000
3000	9	3	1	bha1	40000
3000	9	3	2	bha1	30000
3000	9	3	3	bha1	40000
3500	0	1	1	bha1	450000
3500	0	1	2	bha1	440000
3500	0	1	3	bha1	440000
3500	0	2	1	bha1	450000
3500	0	2	2	bha1	450000
3500	0	2	3	bha1	440000
3500	0	3	1	bha1	440000
3500	0	3	2	bha1	440000
3500	0	3	3	bha1	450000
3500	1	1	1	bha1	400000
3500	1	1	2	bha1	400000
3500	1	1	3	bha1	400000
3500	1	2	1	bha1	400000
3500	1	2	2	bha1	400000
3500	1	2	3	bha1	400000
3500	1	3	1	bha1	400000
3500	1	3	2	bha1	400000
3500	1	3	3	bha1	400000
3500	2	1	1	bha1	350000
3500	2	1	2	bha1	360000
3500	2	1	3	bha1	370000
3500	2	2	1	bha1	350000
3500	2	2	2	bha1	350000
3500	2	2	3	bha1	360000
3500	2	3	1	bha1	380000
3500	2	3	2	bha1	350000
3500	2	3	3	bha1	350000
3500	3	1	1	bha1	320000
3500	3	1	2	bha1	310000
3500	3	1	3	bha1	320000
3500	3	2	1	bha1	320000
3500	3	2	2	bha1	320000
3500	3	2	3	bha1	300000
3500	3	3	1	bha1	320000
3500	3	3	2	bha1	310000
3500	3	3	3	bha1	310000
3500	4	1	1	bha1	270000
3500	4	1	2	bha1	270000
3500	4	1	3	bha1	260000
3500	4	2	1	bha1	270000
3500	4	2	2	bha1	260000
3500	4	2	3	bha1	270000
3500	4	3	1	bha1	270000
3500	4	3	2	bha1	270000
3500	4	3	3	bha1	260000
3500	5	1	1	bha1	230000
3500	5	1	2	bha1	230000
3500	5	1	3	bha1	220000
3500	5	2	1	bha1	220000
3500	5	2	2	bha1	220000
3500	5	2	3	bha1	220000
3500	5	3	1	bha1	220000
3500	5	3	2	bha1	220000
3500	5	3	3	bha1	230000
3500	6	1	1	bha1	180000
3500	6	1	2	bha1	180000
3500	6	1	3	bha1	180000
3500	6	2	1	bha1	190000
3500	6	2	2	bha1	190000
3500	6	2	3	bha1	200000
3500	6	3	1	bha1	180000
3500	6	3	2	bha1	190000
3500	6	3	3	bha1	180000
3500	7	1	1	bha1	140000
3500	7	1	2	bha1	150000
3500	7	1	3	bha1	130000
3500	7	2	1	bha1	140000
3500	7	2	2	bha1	140000
3500	7	2	3	bha1	150000
3500	7	3	1	bha1	140000
3500	7	3	2	bha1	140000
3500	7	3	3	bha1	140000
3500	8	1	1	bha1	90000
3500	8	1	2	bha1	90000
3500	8	1	3	bha1	100000
3500	8	2	1	bha1	90000
3500	8	2	2	bha1	100000
3500	8	2	3	bha1	100000
3500	8	3	1	bha1	100000
3500	8	3	2	bha1	90000
3500	8	3	3	bha1	100000
3500	9	1	1	bha1	50000
3500	9	1	2	bha1	40000
3500	9	1	3	bha1	40000
3500	9	2	1	bha1	40000
3500	9	2	2	bha1	40000
3500	9	2	3	bha1	40000
3500	9	3	1	bha1	50000
3500	9	3	2	bha1	40000
3500	9	3	3	bha1	40000
4000	0	1	1	bha1	640000
4000	0	1	2	bha1	620000
4000	0	1	3	bha1	620000
4000	0	2	1	bha1	630000
4000	0	2	2	bha1	620000
4000	0	2	3	bha1	620000
4000	0	3	1	bha1	610000
4000	0	3	2	bha1	620000
4000	0	3	3	bha1	610000
4000	1	1	1	bha1	550000
4000	1	1	2	bha1	550000
4000	1	1	3	bha1	550000
4000	1	2	1	bha1	550000
4000	1	2	2	bha1	540000
4000	1	2	3	bha1	550000
4000	1	3	1	bha1	540000
4000	1	3	2	bha1	550000
4000	1	3	3	bha1	550000
4000	2	1	1	bha1	500000
4000	2	1	2	bha1	480000
4000	2	1	3	bha1	500000
4000	2	2	1	bha1	510000
4000	2	2	2	bha1	510000
4000	2	2	3	bha1	510000
4000	2	3	1	bha1	490000
4000	2	3	2	bha1	480000
4000	2	3	3	bha1	490000
4000	3	1	1	bha1	430000
4000	3	1	2	bha1	440000
4000	3	1	3	bha1	420000
4000	3	2	1	bha1	420000
4000	3	2	2	bha1	430000
4000	3	2	3	bha1	430000
4000	3	3	1	bha1	420000
4000	3	3	2	bha1	440000
4000	3	3	3	bha1	420000
4000	4	1	1	bha1	370000
4000	4	1	2	bha1	360000
4000	4	1	3	bha1	370000
4000	4	2	1	bha1	370000
4000	4	2	2	bha1	360000
4000	4	2	3	bha1	360000
4000	4	3	1	bha1	370000
4000	4	3	2	bha1	370000
4000	4	3	3	bha1	370000
4000	5	1	1	bha1	320000
4000	5	1	2	bha1	310000
4000	5	1	3	bha1	300000
4000	5	2	1	bha1	330000
4000	5	2	2	bha1	300000
4000	5	2	3	bha1	290000
4000	5	3	1	bha1	300000
4000	5	3	2	bha1	310000
4000	5	3	3	bha1	300000
4000	6	1	1	bha1	250000
4000	6	1	2	bha1	240000
4000	6	1	3	bha1	250000
4000	6	2	1	bha1	240000
4000	6	2	2	bha1	250000
4000	6	2	3	bha1	250000
4000	6	3	1	bha1	240000
4000	6	3	2	bha1	240000
4000	6	3	3	bha1	240000
4000	7	1	1	bha1	180000
4000	7	1	2	bha1	190000
4000	7	1	3	bha1	180000
4000	7	2	1	bha1	190000
4000	7	2	2	bha1	180000
4000	7	2	3	bha1	190000
4000	7	3	1	bha1	190000
4000	7	3	2	bha1	190000
4000	7	3	3	bha1	190000
4000	8	1	1	bha1	130000
4000	8	1	2	bha1	130000
4000	8	1	3	bha1	130000
4000	8	2	1	bha1	120000
4000	8	2	2	bha1	120000
4000	8	2	3	bha1	120000
4000	8	3	1	bha1	130000
4000	8	3	2	bha1	130000
4000	8	3	3	bha1	120000
4000	9	1	1	bha1	70000
4000	9	1	2	bha1	60000
4000	9	1	3	bha1	60000
4000	9	2	1	bha1	60000
4000	9	2	2	bha1	70000
4000	9	2	3	bha1	60000
4000	9	3	1	bha1	70000
4000	9	3	2	bha1	60000
4000	9	3	3	bha1	60000
4500	0	1	1	bha1	810000
4500	0	1	2	bha1	810000
4500	0	1	3	bha1	850000
4500	0	2	1	bha1	810000
4500	0	2	2	bha1	810000
4500	0	2	3	bha1	820000
4500	0	3	1	bha1	810000
4500	0	3	2	bha1	810000
4500	0	3	3	bha1	810000
4500	1	1	1	bha1	740000
4500	1	1	2	bha1	740000
4500	1	1	3	bha1	760000
4500	1	2	1	bha1	740000
4500	1	2	2	bha1	740000
4500	1	2	3	bha1	740000
4500	1	3	1	bha1	720000
4500	1	3	2	bha1	730000
4500	1	3	3	bha1	750000
4500	2	1	1	bha1	650000
4500	2	1	2	bha1	660000
4500	2	1	3	bha1	640000
4500	2	2	1	bha1	650000
4500	2	2	2	bha1	640000
4500	2	2	3	bha1	660000
4500	2	3	1	bha1	650000
4500	2	3	2	bha1	670000
4500	2	3	3	bha1	650000
4500	3	1	1	bha1	560000
4500	3	1	2	bha1	570000
4500	3	1	3	bha1	560000
4500	3	2	1	bha1	570000
4500	3	2	2	bha1	560000
4500	3	2	3	bha1	570000
4500	3	3	1	bha1	570000
4500	3	3	2	bha1	570000
4500	3	3	3	bha1	560000
4500	4	1	1	bha1	480000
4500	4	1	2	bha1	470000
4500	4	1	3	bha1	480000
4500	4	2	1	bha1	490000
4500	4	2	2	bha1	470000
4500	4	2	3	bha1	490000
4500	4	3	1	bha1	480000
4500	4	3	2	bha1	480000
4500	4	3	3	bha1	470000
4500	5	1	1	bha1	400000
4500	5	1	2	bha1	410000
4500	5	1	3	bha1	400000
4500	5	2	1	bha1	400000
4500	5	2	2	bha1	400000
4500	5	2	3	bha1	400000
4500	5	3	1	bha1	390000
4500	5	3	2	bha1	400000
4500	5	3	3	bha1	400000
4500	6	1	1	bha1	320000
4500	6	1	2	bha1	320000
4500	6	1	3	bha1	320000
4500	6	2	1	bha1	320000
4500	6	2	2	bha1	310000
4500	6	2	3	bha1	320000
4500	6	3	1	bha1	310000
4500	6	3	2	bha1	320000
4500	6	3	3	bha1	310000
4500	7	1	1	bha1	240000
4500	7	1	2	bha1	250000
4500	7	1	3	bha1	250000
4500	7	2	1	bha1	260000
4500	7	2	2	bha1	250000
4500	7	2	3	bha1	250000
4500	7	3	1	bha1	240000
4500	7	3	2	bha1	250000
4500	7	3	3	bha1	240000
4500	8	1	1	bha1	170000
4500	8	1	2	bha1	160000
4500	8	1	3	bha1	160000
4500	8	2	1	bha1	160000
4500	8	2	2	bha1	170000
4500	8	2	3	bha1	160000
4500	8	3	1	bha1	160000
4500	8	3	2	bha1	170000
4500	8	3	3	bha1	170000
4500	9	1	1	bha1	80000
4500	9	1	2	bha1	80000
4500	9	1	3	bha1	80000
4500	9	2	1	bha1	80000
4500	9	2	2	bha1	80000
4500	9	2	3	bha1	80000
4500	9	3	1	bha1	80000
4500	9	3	2	bha1	80000
4500	9	3	3	bha1	80000
5000	0	1	1	bha1	1060000
5000	0	1	2	bha1	1060000
5000	0	1	3	bha1	1050000
5000	0	2	1	bha1	1040000
5000	0	2	2	bha1	1060000
5000	0	2	3	bha1	1040000
5000	0	3	1	bha1	1060000
5000	0	3	2	bha1	1050000
5000	0	3	3	bha1	1040000
5000	1	1	1	bha1	970000
5000	1	1	2	bha1	940000
5000	1	1	3	bha1	960000
5000	1	2	1	bha1	970000
5000	1	2	2	bha1	960000
5000	1	2	3	bha1	960000
5000	1	3	1	bha1	950000
5000	1	3	2	bha1	940000
5000	1	3	3	bha1	990000
5000	2	1	1	bha1	840000
5000	2	1	2	bha1	840000
5000	2	1	3	bha1	850000
5000	2	2	1	bha1	850000
5000	2	2	2	bha1	850000
5000	2	2	3	bha1	840000
5000	2	3	1	bha1	890000
5000	2	3	2	bha1	880000
5000	2	3	3	bha1	880000
5000	3	1	1	bha1	750000
5000	3	1	2	bha1	760000
5000	3	1	3	bha1	720000
5000	3	2	1	bha1	730000
5000	3	2	2	bha1	740000
5000	3	2	3	bha1	720000
5000	3	3	1	bha1	740000
5000	3	3	2	bha1	740000
5000	3	3	3	bha1	720000
5000	4	1	1	bha1	610000
5000	4	1	2	bha1	620000
5000	4	1	3	bha1	650000
5000	4	2	1	bha1	620000
5000	4	2	2	bha1	620000
5000	4	2	3	bha1	630000
5000	4	3	1	bha1	610000
5000	4	3	2	bha1	610000
5000	4	3	3	bha1	610000
5000	5	1	1	bha1	510000
5000	5	1	2	bha1	510000
5000	5	1	3	bha1	520000
5000	5	2	1	bha1	500000
5000	5	2	2	bha1	520000
5000	5	2	3	bha1	500000
5000	5	3	1	bha1	500000
5000	5	3	2	bha1	510000
5000	5	3	3	bha1	510000
5000	6	1	1	bha1	410000
5000	6	1	2	bha1	400000
5000	6	1	3	bha1	400000
5000	6	2	1	bha1	400000
5000	6	2	2	bha1	410000
5000	6	2	3	bha1	400000
5000	6	3	1	bha1	400000
5000	6	3	2	bha1	420000
5000	6	3	3	bha1	410000
5000	7	1	1	bha1	300000
5000	7	1	2	bha1	300000
5000	7	1	3	bha1	300000
5000	7	2	1	bha1	310000
5000	7	2	2	bha1	290000
5000	7	2	3	bha1	300000
5000	7	3	1	bha1	300000
5000	7	3	2	bha1	310000
5000	7	3	3	bha1	290000
5000	8	1	1	bha1	200000
5000	8	1	2	bha1	200000
5000	8	1	3	bha1	210000
5000	8	2	1	bha1	200000
5000	8	2	2	bha1	200000
5000	8	2	3	bha1	200000
5000	8	3	1	bha1	200000
5000	8	3	2	bha1	200000
5000	8	3	3	bha1	210000
5000	9	1	1	bha1	100000
5000	9	1	2	bha1	100000
5000	9	1	3	bha1	100000
5000	9	2	1	bha1	110000
5000	9	2	2	bha1	100000
5000	9	2	3	bha1	100000
5000	9	3	1	bha1	100000
5000	9	3	2	bha1	100000
5000	9	3	3	bha1	100000
5500	0	1	1	bha1	1300000
5500	0	1	2	bha1	1300000
5500	0	1	3	bha1	1310000
5500	0	2	1	bha1	1310000
5500	0	2	2	bha1	1290000
5500	0	2	3	bha1	1320000
5500	0	3	1	bha1	1300000
5500	0	3	2	bha1	1290000
5500	0	3	3	bha1	1290000
5500	1	1	1	bha1	1210000
5500	1	1	2	bha1	1200000
5500	1	1	3	bha1	1280000
5500	1	2	1	bha1	1180000
5500	1	2	2	bha1	1180000
5500	1	2	3	bha1	1180000
5500	1	3	1	bha1	1170000
5500	1	3	2	bha1	1210000
5500	1	3	3	bha1	1170000
5500	2	1	1	bha1	1060000
5500	2	1	2	bha1	1060000
5500	2	1	3	bha1	1050000
5500	2	2	1	bha1	1050000
5500	2	2	2	bha1	1050000
5500	2	2	3	bha1	1050000
5500	2	3	1	bha1	1060000
5500	2	3	2	bha1	1060000
5500	2	3	3	bha1	1070000
5500	3	1	1	bha1	910000
5500	3	1	2	bha1	940000
5500	3	1	3	bha1	920000
5500	3	2	1	bha1	910000
5500	3	2	2	bha1	970000
5500	3	2	3	bha1	960000
5500	3	3	1	bha1	910000
5500	3	3	2	bha1	930000
5500	3	3	3	bha1	1060000
5500	4	1	1	bha1	800000
5500	4	1	2	bha1	760000
5500	4	1	3	bha1	780000
5500	4	2	1	bha1	830000
5500	4	2	2	bha1	810000
5500	4	2	3	bha1	780000
5500	4	3	1	bha1	790000
5500	4	3	2	bha1	770000
5500	4	3	3	bha1	770000
5500	5	1	1	bha1	650000
5500	5	1	2	bha1	640000
5500	5	1	3	bha1	650000
5500	5	2	1	bha1	640000
5500	5	2	2	bha1	640000
5500	5	2	3	bha1	630000
5500	5	3	1	bha1	650000
5500	5	3	2	bha1	630000
5500	5	3	3	bha1	660000
5500	6	1	1	bha1	530000
5500	6	1	2	bha1	500000
5500	6	1	3	bha1	500000
5500	6	2	1	bha1	530000
5500	6	2	2	bha1	520000
5500	6	2	3	bha1	520000
5500	6	3	1	bha1	510000
5500	6	3	2	bha1	500000
5500	6	3	3	bha1	500000
5500	7	1	1	bha1	370000
5500	7	1	2	bha1	370000
5500	7	1	3	bha1	380000
5500	7	2	1	bha1	360000
5500	7	2	2	bha1	380000
5500	7	2	3	bha1	380000
5500	7	3	1	bha1	380000
5500	7	3	2	bha1	370000
5500	7	3	3	bha1	380000
5500	8	1	1	bha1	240000
5500	8	1	2	bha1	240000
5500	8	1	3	bha1	250000
5500	8	2	1	bha1	260000
5500	8	2	2	bha1	250000
5500	8	2	3	bha1	250000
5500	8	3	1	bha1	250000
5500	8	3	2	bha1	250000
5500	8	3	3	bha1	240000
5500	9	1	1	bha1	130000
5500	9	1	2	bha1	130000
5500	9	1	3	bha1	130000
5500	9	2	1	bha1	120000
5500	9	2	2	bha1	130000
5500	9	2	3	bha1	120000
5500	9	3	1	bha1	130000
5500	9	3	2	bha1	140000
5500	9	3	3	bha1	140000
6000	0	1	1	bha1	1590000
6000	0	1	2	bha1	1570000
6000	0	1	3	bha1	1610000
6000	0	2	1	bha1	1580000
6000	0	2	2	bha1	1580000
6000	0	2	3	bha1	1580000
6000	0	3	1	bha1	1640000
6000	0	3	2	bha1	1580000
6000	0	3	3	bha1	1570000
6000	1	1	1	bha1	1450000
6000	1	1	2	bha1	1460000
6000	1	1	3	bha1	1440000
6000	1	2	1	bha1	1510000
6000	1	2	2	bha1	1460000
6000	1	2	3	bha1	1460000
6000	1	3	1	bha1	1440000
6000	1	3	2	bha1	1500000
6000	1	3	3	bha1	1480000
6000	2	1	1	bha1	1310000
6000	2	1	2	bha1	1300000
6000	2	1	3	bha1	1300000
6000	2	2	1	bha1	1300000
6000	2	2	2	bha1	1320000
6000	2	2	3	bha1	1330000
6000	2	3	1	bha1	1300000
6000	2	3	2	bha1	1300000
6000	2	3	3	bha1	1310000
6000	3	1	1	bha1	1130000
6000	3	1	2	bha1	1150000
6000	3	1	3	bha1	1160000
6000	3	2	1	bha1	1150000
6000	3	2	2	bha1	1130000
6000	3	2	3	bha1	1130000
6000	3	3	1	bha1	1140000
6000	3	3	2	bha1	1130000
6000	3	3	3	bha1	1140000
6000	4	1	1	bha1	950000
6000	4	1	2	bha1	1000000
6000	4	1	3	bha1	1000000
6000	4	2	1	bha1	960000
6000	4	2	2	bha1	980000
6000	4	2	3	bha1	960000
6000	4	3	1	bha1	970000
6000	4	3	2	bha1	970000
6000	4	3	3	bha1	970000
6000	5	1	1	bha1	810000
6000	5	1	2	bha1	840000
6000	5	1	3	bha1	820000
6000	5	2	1	bha1	780000
6000	5	2	2	bha1	790000
6000	5	2	3	bha1	790000
6000	5	3	1	bha1	780000
6000	5	3	2	bha1	780000
6000	5	3	3	bha1	790000
6000	6	1	1	bha1	600000
6000	6	1	2	bha1	610000
6000	6	1	3	bha1	620000
6000	6	2	1	bha1	620000
6000	6	2	2	bha1	620000
6000	6	2	3	bha1	610000
6000	6	3	1	bha1	620000
6000	6	3	2	bha1	620000
6000	6	3	3	bha1	620000
6000	7	1	1	bha1	450000
6000	7	1	2	bha1	450000
6000	7	1	3	bha1	460000
6000	7	2	1	bha1	480000
6000	7	2	2	bha1	440000
6000	7	2	3	bha1	620000
6000	7	3	1	bha1	470000
6000	7	3	2	bha1	460000
6000	7	3	3	bha1	440000
6000	8	1	1	bha1	300000
6000	8	1	2	bha1	300000
6000	8	1	3	bha1	300000
6000	8	2	1	bha1	300000
6000	8	2	2	bha1	310000
6000	8	2	3	bha1	290000
6000	8	3	1	bha1	300000
6000	8	3	2	bha1	300000
6000	8	3	3	bha1	320000
6000	9	1	1	bha1	160000
6000	9	1	2	bha1	160000
6000	9	1	3	bha1	150000
6000	9	2	1	bha1	160000
6000	9	2	2	bha1	150000
6000	9	2	3	bha1	150000
6000	9	3	1	bha1	170000
6000	9	3	2	bha1	150000
6000	9	3	3	bha1	150000
6500	0	1	1	bha1	1920000
6500	0	1	2	bha1	1910000
6500	0	1	3	bha1	1940000
6500	0	2	1	bha1	1890000
6500	0	2	2	bha1	1910000
6500	0	2	3	bha1	1900000
6500	0	3	1	bha1	1880000
6500	0	3	2	bha1	1890000
6500	0	3	3	bha1	1910000
6500	1	1	1	bha1	1780000
6500	1	1	2	bha1	1740000
6500	1	1	3	bha1	1820000
6500	1	2	1	bha1	1730000
6500	1	2	2	bha1	1730000
6500	1	2	3	bha1	1750000
6500	1	3	1	bha1	1750000
6500	1	3	2	bha1	1750000
6500	1	3	3	bha1	1740000
6500	2	1	1	bha1	1570000
6500	2	1	2	bha1	1580000
6500	2	1	3	bha1	1640000
6500	2	2	1	bha1	1610000
6500	2	2	2	bha1	1620000
6500	2	2	3	bha1	1610000
6500	2	3	1	bha1	1570000
6500	2	3	2	bha1	1570000
6500	2	3	3	bha1	1590000
6500	3	1	1	bha1	1380000
6500	3	1	2	bha1	1400000
6500	3	1	3	bha1	1420000
6500	3	2	1	bha1	1400000
6500	3	2	2	bha1	1370000
6500	3	2	3	bha1	1400000
6500	3	3	1	bha1	1410000
6500	3	3	2	bha1	1400000
6500	3	3	3	bha1	1370000
6500	4	1	1	bha1	1180000
6500	4	1	2	bha1	1200000
6500	4	1	3	bha1	1190000
6500	4	2	1	bha1	1220000
6500	4	2	2	bha1	1180000
6500	4	2	3	bha1	1210000
6500	4	3	1	bha1	1170000
6500	4	3	2	bha1	1170000
6500	4	3	3	bha1	1160000
6500	5	1	1	bha1	950000
6500	5	1	2	bha1	970000
6500	5	1	3	bha1	950000
6500	5	2	1	bha1	950000
6500	5	2	2	bha1	950000
6500	5	2	3	bha1	950000
6500	5	3	1	bha1	1030000
6500	5	3	2	bha1	960000
6500	5	3	3	bha1	940000
6500	6	1	1	bha1	740000
6500	6	1	2	bha1	740000
6500	6	1	3	bha1	770000
6500	6	2	1	bha1	740000
6500	6	2	2	bha1	750000
6500	6	2	3	bha1	740000
6500	6	3	1	bha1	750000
6500	6	3	2	bha1	740000
6500	6	3	3	bha1	750000
6500	7	1	1	bha1	550000
6500	7	1	2	bha1	530000
6500	7	1	3	bha1	540000
6500	7	2	1	bha1	570000
6500	7	2	2	bha1	570000
6500	7	2	3	bha1	540000
6500	7	3	1	bha1	560000
6500	7	3	2	bha1	550000
6500	7	3	3	bha1	540000
6500	8	1	1	bha1	360000
6500	8	1	2	bha1	360000
6500	8	1	3	bha1	370000
6500	8	2	1	bha1	380000
6500	8	2	2	bha1	360000
6500	8	2	3	bha1	350000
6500	8	3	1	bha1	350000
6500	8	3	2	bha1	370000
6500	8	3	3	bha1	360000
6500	9	1	1	bha1	190000
6500	9	1	2	bha1	180000
6500	9	1	3	bha1	190000
6500	9	2	1	bha1	200000
6500	9	2	2	bha1	190000
6500	9	2	3	bha1	190000
6500	9	3	1	bha1	190000
6500	9	3	2	bha1	180000
6500	9	3	3	bha1	180000
7000	0	1	1	bha1	2270000
7000	0	1	2	bha1	2430000
7000	0	1	3	bha1	2420000
7000	0	2	1	bha1	2230000
7000	0	2	2	bha1	2270000
7000	0	2	3	bha1	2280000
7000	0	3	1	bha1	2360000
7000	0	3	2	bha1	2260000
7000	0	3	3	bha1	2270000
7000	1	1	1	bha1	2060000
7000	1	1	2	bha1	2070000
7000	1	1	3	bha1	2090000
7000	1	2	1	bha1	2060000
7000	1	2	2	bha1	2070000
7000	1	2	3	bha1	2070000
7000	1	3	1	bha1	2090000
7000	1	3	2	bha1	2060000
7000	1	3	3	bha1	2070000
7000	2	1	1	bha1	1880000
7000	2	1	2	bha1	1950000
7000	2	1	3	bha1	1960000
7000	2	2	1	bha1	1900000
7000	2	2	2	bha1	1880000
7000	2	2	3	bha1	1890000
7000	2	3	1	bha1	1870000
7000	2	3	2	bha1	1920000
7000	2	3	3	bha1	1900000
7000	3	1	1	bha1	1670000
7000	3	1	2	bha1	1670000
7000	3	1	3	bha1	1660000
7000	3	2	1	bha1	1660000
7000	3	2	2	bha1	1680000
7000	3	2	3	bha1	1660000
7000	3	3	1	bha1	1660000
7000	3	3	2	bha1	1670000
7000	3	3	3	bha1	1670000
7000	4	1	1	bha1	1400000
7000	4	1	2	bha1	1490000
7000	4	1	3	bha1	1500000
7000	4	2	1	bha1	1410000
7000	4	2	2	bha1	1390000
7000	4	2	3	bha1	1400000
7000	4	3	1	bha1	1460000
7000	4	3	2	bha1	1420000
7000	4	3	3	bha1	1410000
7000	5	1	1	bha1	1150000
7000	5	1	2	bha1	1150000
7000	5	1	3	bha1	1130000
7000	5	2	1	bha1	1210000
7000	5	2	2	bha1	1180000
7000	5	2	3	bha1	1150000
7000	5	3	1	bha1	1140000
7000	5	3	2	bha1	1170000
7000	5	3	3	bha1	1140000
7000	6	1	1	bha1	890000
7000	6	1	2	bha1	880000
7000	6	1	3	bha1	910000
7000	6	2	1	bha1	900000
7000	6	2	2	bha1	890000
7000	6	2	3	bha1	900000
7000	6	3	1	bha1	900000
7000	6	3	2	bha1	890000
7000	6	3	3	bha1	880000
7000	7	1	1	bha1	670000
7000	7	1	2	bha1	670000
7000	7	1	3	bha1	700000
7000	7	2	1	bha1	650000
7000	7	2	2	bha1	650000
7000	7	2	3	bha1	640000
7000	7	3	1	bha1	650000
7000	7	3	2	bha1	660000
7000	7	3	3	bha1	660000
7000	8	1	1	bha1	420000
7000	8	1	2	bha1	420000
7000	8	1	3	bha1	420000
7000	8	2	1	bha1	450000
7000	8	2	2	bha1	430000
7000	8	2	3	bha1	420000
7000	8	3	1	bha1	420000
7000	8	3	2	bha1	430000
7000	8	3	3	bha1	420000
7000	9	1	1	bha1	210000
7000	9	1	2	bha1	200000
7000	9	1	3	bha1	210000
7000	9	2	1	bha1	230000
7000	9	2	2	bha1	210000
7000	9	2	3	bha1	220000
7000	9	3	1	bha1	210000
7000	9	3	2	bha1	210000
7000	9	3	3	bha1	210000
7500	0	1	1	bha1	2640000
7500	0	1	2	bha1	2610000
7500	0	1	3	bha1	2660000
7500	0	2	1	bha1	2610000
7500	0	2	2	bha1	2640000
7500	0	2	3	bha1	2620000
7500	0	3	1	bha1	2630000
7500	0	3	2	bha1	2680000
7500	0	3	3	bha1	2640000
7500	1	1	1	bha1	2480000
7500	1	1	2	bha1	2450000
7500	1	1	3	bha1	2460000
7500	1	2	1	bha1	2460000
7500	1	2	2	bha1	2430000
7500	1	2	3	bha1	2460000
7500	1	3	1	bha1	2430000
7500	1	3	2	bha1	2460000
7500	1	3	3	bha1	2440000
7500	2	1	1	bha1	2230000
7500	2	1	2	bha1	2210000
7500	2	1	3	bha1	2200000
7500	2	2	1	bha1	2260000
7500	2	2	2	bha1	2210000
7500	2	2	3	bha1	2220000
7500	2	3	1	bha1	2320000
7500	2	3	2	bha1	2210000
7500	2	3	3	bha1	2260000
7500	3	1	1	bha1	1960000
7500	3	1	2	bha1	1990000
7500	3	1	3	bha1	2000000
7500	3	2	1	bha1	1970000
7500	3	2	2	bha1	1960000
7500	3	2	3	bha1	1980000
7500	3	3	1	bha1	1980000
7500	3	3	2	bha1	1990000
7500	3	3	3	bha1	1990000
7500	4	1	1	bha1	1760000
7500	4	1	2	bha1	1690000
7500	4	1	3	bha1	1700000
7500	4	2	1	bha1	1700000
7500	4	2	2	bha1	1680000
7500	4	2	3	bha1	1670000
7500	4	3	1	bha1	1670000
7500	4	3	2	bha1	1670000
7500	4	3	3	bha1	1700000
7500	5	1	1	bha1	1370000
7500	5	1	2	bha1	1400000
7500	5	1	3	bha1	1440000
7500	5	2	1	bha1	1370000
7500	5	2	2	bha1	1360000
7500	5	2	3	bha1	1360000
7500	5	3	1	bha1	1440000
7500	5	3	2	bha1	1370000
7500	5	3	3	bha1	1410000
7500	6	1	1	bha1	1060000
7500	6	1	2	bha1	1070000
7500	6	1	3	bha1	1060000
7500	6	2	1	bha1	1080000
7500	6	2	2	bha1	1110000
7500	6	2	3	bha1	1110000
7500	6	3	1	bha1	1070000
7500	6	3	2	bha1	1060000
7500	6	3	3	bha1	1080000
7500	7	1	1	bha1	770000
7500	7	1	2	bha1	770000
7500	7	1	3	bha1	780000
7500	7	2	1	bha1	770000
7500	7	2	2	bha1	770000
7500	7	2	3	bha1	780000
7500	7	3	1	bha1	790000
7500	7	3	2	bha1	790000
7500	7	3	3	bha1	770000
7500	8	1	1	bha1	500000
7500	8	1	2	bha1	490000
7500	8	1	3	bha1	510000
7500	8	2	1	bha1	490000
7500	8	2	2	bha1	500000
7500	8	2	3	bha1	510000
7500	8	3	1	bha1	500000
7500	8	3	2	bha1	500000
7500	8	3	3	bha1	500000
7500	9	1	1	bha1	270000
7500	9	1	2	bha1	260000
7500	9	1	3	bha1	260000
7500	9	2	1	bha1	250000
7500	9	2	2	bha1	250000
7500	9	2	3	bha1	250000
7500	9	3	1	bha1	250000
7500	9	3	2	bha1	240000
7500	9	3	3	bha1	250000
8000	0	1	1	bha1	3020000
8000	0	1	2	bha1	3060000
8000	0	1	3	bha1	3030000
8000	0	2	1	bha1	3030000
8000	0	2	2	bha1	3060000
8000	0	2	3	bha1	3170000
8000	0	3	1	bha1	3310000
8000	0	3	2	bha1	3020000
8000	0	3	3	bha1	3030000
8000	1	1	1	bha1	2840000
8000	1	1	2	bha1	2840000
8000	1	1	3	bha1	2840000
8000	1	2	1	bha1	2840000
8000	1	2	2	bha1	2840000
8000	1	2	3	bha1	2880000
8000	1	3	1	bha1	2850000
8000	1	3	2	bha1	2880000
8000	1	3	3	bha1	2850000
8000	2	1	1	bha1	2560000
8000	2	1	2	bha1	2630000
8000	2	1	3	bha1	2580000
8000	2	2	1	bha1	2580000
8000	2	2	2	bha1	2610000
8000	2	2	3	bha1	2580000
8000	2	3	1	bha1	2570000
8000	2	3	2	bha1	2590000
8000	2	3	3	bha1	2620000
8000	3	1	1	bha1	2300000
8000	3	1	2	bha1	2280000
8000	3	1	3	bha1	2310000
8000	3	2	1	bha1	2290000
8000	3	2	2	bha1	2270000
8000	3	2	3	bha1	2290000
8000	3	3	1	bha1	2310000
8000	3	3	2	bha1	2420000
8000	3	3	3	bha1	2290000
8000	4	1	1	bha1	1960000
8000	4	1	2	bha1	1950000
8000	4	1	3	bha1	1970000
8000	4	2	1	bha1	1980000
8000	4	2	2	bha1	1940000
8000	4	2	3	bha1	1960000
8000	4	3	1	bha1	1950000
8000	4	3	2	bha1	1970000
8000	4	3	3	bha1	1970000
8000	5	1	1	bha1	1600000
8000	5	1	2	bha1	1700000
8000	5	1	3	bha1	2010000
8000	5	2	1	bha1	1680000
8000	5	2	2	bha1	1740000
8000	5	2	3	bha1	1820000
8000	5	3	1	bha1	1680000
8000	5	3	2	bha1	1680000
8000	5	3	3	bha1	1720000
8000	6	1	1	bha1	1350000
8000	6	1	2	bha1	1350000
8000	6	1	3	bha1	1350000
8000	6	2	1	bha1	1430000
8000	6	2	2	bha1	1520000
8000	6	2	3	bha1	1340000
8000	6	3	1	bha1	1310000
8000	6	3	2	bha1	1400000
8000	6	3	3	bha1	1400000
8000	7	1	1	bha1	1000000
8000	7	1	2	bha1	980000
8000	7	1	3	bha1	900000
8000	7	2	1	bha1	890000
8000	7	2	2	bha1	900000
8000	7	2	3	bha1	900000
8000	7	3	1	bha1	920000
8000	7	3	2	bha1	920000
8000	7	3	3	bha1	910000
8000	8	1	1	bha1	590000
8000	8	1	2	bha1	590000
8000	8	1	3	bha1	600000
8000	8	2	1	bha1	600000
8000	8	2	2	bha1	580000
8000	8	2	3	bha1	590000
8000	8	3	1	bha1	650000
8000	8	3	2	bha1	620000
8000	8	3	3	bha1	630000
8000	9	1	1	bha1	290000
8000	9	1	2	bha1	350000
8000	9	1	3	bha1	300000
8000	9	2	1	bha1	300000
8000	9	2	2	bha1	290000
8000	9	2	3	bha1	280000
8000	9	3	1	bha1	320000
8000	9	3	2	bha1	300000
8000	9	3	3	bha1	300000
8500	0	1	1	bha1	3420000
8500	0	1	2	bha1	3380000
8500	0	1	3	bha1	3410000
8500	0	2	1	bha1	3530000
8500	0	2	2	bha1	3380000
8500	0	2	3	bha1	3380000
8500	0	3	1	bha1	3360000
8500	0	3	2	bha1	3390000
8500	0	3	3	bha1	3390000
8500	1	1	1	bha1	3190000
8500	1	1	2	bha1	3130000
8500	1	1	3	bha1	3140000
8500	1	2	1	bha1	3150000
8500	1	2	2	bha1	3130000
8500	1	2	3	bha1	3360000
8500	1	3	1	bha1	3240000
8500	1	3	2	bha1	3220000
8500	1	3	3	bha1	3140000
8500	2	1	1	bha1	2870000
8500	2	1	2	bha1	2950000
8500	2	1	3	bha1	2850000
8500	2	2	1	bha1	2860000
8500	2	2	2	bha1	2880000
8500	2	2	3	bha1	2850000
8500	2	3	1	bha1	2890000
8500	2	3	2	bha1	2870000
8500	2	3	3	bha1	2830000
8500	3	1	1	bha1	2550000
8500	3	1	2	bha1	2550000
8500	3	1	3	bha1	2540000
8500	3	2	1	bha1	2520000
8500	3	2	2	bha1	2550000
8500	3	2	3	bha1	2570000
8500	3	3	1	bha1	2530000
8500	3	3	2	bha1	2570000
8500	3	3	3	bha1	2530000
8500	4	1	1	bha1	2180000
8500	4	1	2	bha1	2190000
8500	4	1	3	bha1	2210000
8500	4	2	1	bha1	2310000
8500	4	2	2	bha1	2170000
8500	4	2	3	bha1	2180000
8500	4	3	1	bha1	2200000
8500	4	3	2	bha1	2380000
8500	4	3	3	bha1	2450000
8500	5	1	1	bha1	1810000
8500	5	1	2	bha1	1840000
8500	5	1	3	bha1	1800000
8500	5	2	1	bha1	1780000
8500	5	2	2	bha1	1810000
8500	5	2	3	bha1	1810000
8500	5	3	1	bha1	1910000
8500	5	3	2	bha1	1850000
8500	5	3	3	bha1	1800000
8500	6	1	1	bha1	1390000
8500	6	1	2	bha1	1440000
8500	6	1	3	bha1	1550000
8500	6	2	1	bha1	1420000
8500	6	2	2	bha1	1420000
8500	6	2	3	bha1	1400000
8500	6	3	1	bha1	1450000
8500	6	3	2	bha1	1430000
8500	6	3	3	bha1	1390000
8500	7	1	1	bha1	1020000
8500	7	1	2	bha1	1040000
8500	7	1	3	bha1	1020000
8500	7	2	1	bha1	1040000
8500	7	2	2	bha1	1010000
8500	7	2	3	bha1	1020000
8500	7	3	1	bha1	1010000
8500	7	3	2	bha1	1030000
8500	7	3	3	bha1	1030000
8500	8	1	1	bha1	650000
8500	8	1	2	bha1	640000
8500	8	1	3	bha1	650000
8500	8	2	1	bha1	680000
8500	8	2	2	bha1	660000
8500	8	2	3	bha1	680000
8500	8	3	1	bha1	660000
8500	8	3	2	bha1	660000
8500	8	3	3	bha1	650000
8500	9	1	1	bha1	320000
8500	9	1	2	bha1	320000
8500	9	1	3	bha1	330000
8500	9	2	1	bha1	320000
8500	9	2	2	bha1	340000
8500	9	2	3	bha1	320000
8500	9	3	1	bha1	320000
8500	9	3	2	bha1	330000
8500	9	3	3	bha1	330000
9000	0	1	1	bha1	3900000
9000	0	1	2	bha1	3890000
9000	0	1	3	bha1	3870000
9000	0	2	1	bha1	3880000
9000	0	2	2	bha1	3860000
9000	0	2	3	bha1	3930000
9000	0	3	1	bha1	3910000
9000	0	3	2	bha1	3900000
9000	0	3	3	bha1	3900000
9000	1	1	1	bha1	3600000
9000	1	1	2	bha1	3610000
9000	1	1	3	bha1	3660000
9000	1	2	1	bha1	3650000
9000	1	2	2	bha1	3920000
9000	1	2	3	bha1	3600000
9000	1	3	1	bha1	3660000
9000	1	3	2	bha1	3610000
9000	1	3	3	bha1	3630000
9000	2	1	1	bha1	3290000
9000	2	1	2	bha1	3310000
9000	2	1	3	bha1	3330000
9000	2	2	1	bha1	3320000
9000	2	2	2	bha1	3320000
9000	2	2	3	bha1	3450000
9000	2	3	1	bha1	3290000
9000	2	3	2	bha1	3330000
9000	2	3	3	bha1	3280000
9000	3	1	1	bha1	2930000
9000	3	1	2	bha1	2950000
9000	3	1	3	bha1	2920000
9000	3	2	1	bha1	2960000
9000	3	2	2	bha1	2950000
9000	3	2	3	bha1	2950000
9000	3	3	1	bha1	2940000
9000	3	3	2	bha1	2970000
9000	3	3	3	bha1	2980000
9000	4	1	1	bha1	2570000
9000	4	1	2	bha1	2560000
9000	4	1	3	bha1	2550000
9000	4	2	1	bha1	2540000
9000	4	2	2	bha1	2550000
9000	4	2	3	bha1	2510000
9000	4	3	1	bha1	2570000
9000	4	3	2	bha1	2520000
9000	4	3	3	bha1	2520000
9000	5	1	1	bha1	2080000
9000	5	1	2	bha1	2090000
9000	5	1	3	bha1	2100000
9000	5	2	1	bha1	2230000
9000	5	2	2	bha1	2130000
9000	5	2	3	bha1	2140000
9000	5	3	1	bha1	2100000
9000	5	3	2	bha1	2100000
9000	5	3	3	bha1	2160000
9000	6	1	1	bha1	1660000
9000	6	1	2	bha1	1600000
9000	6	1	3	bha1	1610000
9000	6	2	1	bha1	1650000
9000	6	2	2	bha1	1650000
9000	6	2	3	bha1	1610000
9000	6	3	1	bha1	1610000
9000	6	3	2	bha1	1630000
9000	6	3	3	bha1	1700000
9000	7	1	1	bha1	1160000
9000	7	1	2	bha1	1170000
9000	7	1	3	bha1	1160000
9000	7	2	1	bha1	1190000
9000	7	2	2	bha1	1180000
9000	7	2	3	bha1	1220000
9000	7	3	1	bha1	1200000
9000	7	3	2	bha1	1200000
9000	7	3	3	bha1	1160000
9000	8	1	1	bha1	750000
9000	8	1	2	bha1	750000
9000	8	1	3	bha1	740000
9000	8	2	1	bha1	760000
9000	8	2	2	bha1	780000
9000	8	2	3	bha1	780000
9000	8	3	1	bha1	760000
9000	8	3	2	bha1	750000
9000	8	3	3	bha1	750000
9000	9	1	1	bha1	360000
9000	9	1	2	bha1	360000
9000	9	1	3	bha1	350000
9000	9	2	1	bha1	370000
9000	9	2	2	bha1	360000
9000	9	2	3	bha1	390000
9000	9	3	1	bha1	360000
9000	9	3	2	bha1	350000
9000	9	3	3	bha1	370000
9500	0	1	1	bha1	4340000
9500	0	1	2	bha1	4360000
9500	0	1	3	bha1	4350000
9500	0	2	1	bha1	4340000
9500	0	2	2	bha1	4500000
9500	0	2	3	bha1	4330000
9500	0	3	1	bha1	4290000
9500	0	3	2	bha1	4320000
9500	0	3	3	bha1	4350000
9500	1	1	1	bha1	4080000
9500	1	1	2	bha1	4170000
9500	1	1	3	bha1	4080000
9500	1	2	1	bha1	4180000
9500	1	2	2	bha1	4100000
9500	1	2	3	bha1	4100000
9500	1	3	1	bha1	4060000
9500	1	3	2	bha1	4140000
9500	1	3	3	bha1	4080000
9500	2	1	1	bha1	3770000
9500	2	1	2	bha1	3740000
9500	2	1	3	bha1	3700000
9500	2	2	1	bha1	3770000
9500	2	2	2	bha1	3730000
9500	2	2	3	bha1	3800000
9500	2	3	1	bha1	3690000
9500	2	3	2	bha1	3730000
9500	2	3	3	bha1	3760000
9500	3	1	1	bha1	3300000
9500	3	1	2	bha1	3380000
9500	3	1	3	bha1	3430000
9500	3	2	1	bha1	3490000
9500	3	2	2	bha1	3420000
9500	3	2	3	bha1	3320000
9500	3	3	1	bha1	3340000
9500	3	3	2	bha1	3340000
9500	3	3	3	bha1	3340000
9500	4	1	1	bha1	2910000
9500	4	1	2	bha1	2950000
9500	4	1	3	bha1	2850000
9500	4	2	1	bha1	2890000
9500	4	2	2	bha1	2890000
9500	4	2	3	bha1	2920000
9500	4	3	1	bha1	2870000
9500	4	3	2	bha1	2900000
9500	4	3	3	bha1	2880000
9500	5	1	1	bha1	2400000
9500	5	1	2	bha1	2400000
9500	5	1	3	bha1	2350000
9500	5	2	1	bha1	2460000
9500	5	2	2	bha1	2430000
9500	5	2	3	bha1	2400000
9500	5	3	1	bha1	2450000
9500	5	3	2	bha1	2440000
9500	5	3	3	bha1	2410000
9500	6	1	1	bha1	1830000
9500	6	1	2	bha1	1840000
9500	6	1	3	bha1	1880000
9500	6	2	1	bha1	1950000
9500	6	2	2	bha1	1860000
9500	6	2	3	bha1	1850000
9500	6	3	1	bha1	1820000
9500	6	3	2	bha1	1850000
9500	6	3	3	bha1	1890000
9500	7	1	1	bha1	1330000
9500	7	1	2	bha1	1370000
9500	7	1	3	bha1	1310000
9500	7	2	1	bha1	1310000
9500	7	2	2	bha1	1360000
9500	7	2	3	bha1	1380000
9500	7	3	1	bha1	1360000
9500	7	3	2	bha1	1380000
9500	7	3	3	bha1	1330000
9500	8	1	1	bha1	820000
9500	8	1	2	bha1	820000
9500	8	1	3	bha1	870000
9500	8	2	1	bha1	810000
9500	8	2	2	bha1	830000
9500	8	2	3	bha1	820000
9500	8	3	1	bha1	820000
9500	8	3	2	bha1	820000
9500	8	3	3	bha1	840000
9500	9	1	1	bha1	410000
9500	9	1	2	bha1	430000
9500	9	1	3	bha1	420000
9500	9	2	1	bha1	400000
9500	9	2	2	bha1	390000
9500	9	2	3	bha1	390000
9500	9	3	1	bha1	390000
9500	9	3	2	bha1	390000
9500	9	3	3	bha1	400000
10000	0	1	1	bha1	26720000
10000	0	1	2	bha1	21270000
10000	0	1	3	bha1	24510000
10000	0	2	1	bha1	29750000
10000	0	2	2	bha1	27420000
10000	0	2	3	bha1	30320000
10000	0	3	1	bha1	23710000
10000	0	3	2	bha1	29650000
10000	0	3	3	bha1	31420000
10000	1	1	1	bha1	4390000
10000	1	1	2	bha1	4480000
10000	1	1	3	bha1	4630000
10000	1	2	1	bha1	4520000
10000	1	2	2	bha1	4400000
10000	1	2	3	bha1	4430000
10000	1	3	1	bha1	4360000
10000	1	3	2	bha1	4300000
10000	1	3	3	bha1	4410000
10000	2	1	1	bha1	4110000
10000	2	1	2	bha1	4020000
10000	2	1	3	bha1	3950000
10000	2	2	1	bha1	4030000
10000	2	2	2	bha1	4050000
10000	2	2	3	bha1	4070000
10000	2	3	1	bha1	3980000
10000	2	3	2	bha1	4030000
10000	2	3	3	bha1	4120000
10000	3	1	1	bha1	3710000
10000	3	1	2	bha1	3610000
10000	3	1	3	bha1	3660000
10000	3	2	1	bha1	3590000
10000	3	2	2	bha1	3650000
10000	3	2	3	bha1	3540000
10000	3	3	1	bha1	3580000
10000	3	3	2	bha1	3600000
10000	3	3	3	bha1	3610000
10000	4	1	1	bha1	3080000
10000	4	1	2	bha1	3070000
10000	4	1	3	bha1	3160000
10000	4	2	1	bha1	3110000
10000	4	2	2	bha1	3160000
10000	4	2	3	bha1	3050000
10000	4	3	1	bha1	3060000
10000	4	3	2	bha1	3070000
10000	4	3	3	bha1	3210000
10000	5	1	1	bha1	2560000
10000	5	1	2	bha1	2560000
10000	5	1	3	bha1	2600000
10000	5	2	1	bha1	2550000
10000	5	2	2	bha1	2550000
10000	5	2	3	bha1	2550000
10000	5	3	1	bha1	2600000
10000	5	3	2	bha1	2550000
10000	5	3	3	bha1	2590000
10000	6	1	1	bha1	1970000
10000	6	1	2	bha1	2000000
10000	6	1	3	bha1	2020000
10000	6	2	1	bha1	1990000
10000	6	2	2	bha1	1980000
10000	6	2	3	bha1	1970000
10000	6	3	1	bha1	1980000
10000	6	3	2	bha1	1990000
10000	6	3	3	bha1	2000000
10000	7	1	1	bha1	1420000
10000	7	1	2	bha1	1420000
10000	7	1	3	bha1	1460000
10000	7	2	1	bha1	1400000
10000	7	2	2	bha1	1430000
10000	7	2	3	bha1	1440000
10000	7	3	1	bha1	1410000
10000	7	3	2	bha1	1420000
10000	7	3	3	bha1	1440000
10000	8	1	1	bha1	910000
10000	8	1	2	bha1	890000
10000	8	1	3	bha1	870000
10000	8	2	1	bha1	920000
10000	8	2	2	bha1	920000
10000	8	2	3	bha1	900000
10000	8	3	1	bha1	880000
10000	8	3	2	bha1	890000
10000	8	3	3	bha1	880000
10000	9	1	1	bha1	430000
10000	9	1	2	bha1	420000
10000	9	1	3	bha1	420000
10000	9	2	1	bha1	420000
10000	9	2	2	bha1	420000
10000	9	2	3	bha1	430000
10000	9	3	1	bha1	430000
10000	9	3	2	bha1	460000
10000	9	3	3	bha1	430000
