10	0	1	1	bhp1	0
10	0	1	2	bhp1	0
10	0	1	3	bhp1	0
10	0	2	1	bhp1	0
10	0	2	2	bhp1	0
10	0	2	3	bhp1	0
10	0	3	1	bhp1	0
10	0	3	2	bhp1	0
10	0	3	3	bhp1	0
10	1	1	1	bhp1	0
10	1	1	2	bhp1	0
10	1	1	3	bhp1	0
10	1	2	1	bhp1	0
10	1	2	2	bhp1	0
10	1	2	3	bhp1	0
10	1	3	1	bhp1	0
10	1	3	2	bhp1	0
10	1	3	3	bhp1	0
10	2	1	1	bhp1	0
10	2	1	2	bhp1	0
10	2	1	3	bhp1	0
10	2	2	1	bhp1	0
10	2	2	2	bhp1	0
10	2	2	3	bhp1	0
10	2	3	1	bhp1	0
10	2	3	2	bhp1	0
10	2	3	3	bhp1	0
10	3	1	1	bhp1	0
10	3	1	2	bhp1	0
10	3	1	3	bhp1	0
10	3	2	1	bhp1	0
10	3	2	2	bhp1	0
10	3	2	3	bhp1	0
10	3	3	1	bhp1	0
10	3	3	2	bhp1	0
10	3	3	3	bhp1	0
10	4	1	1	bhp1	0
10	4	1	2	bhp1	0
10	4	1	3	bhp1	0
10	4	2	1	bhp1	0
10	4	2	2	bhp1	0
10	4	2	3	bhp1	0
10	4	3	1	bhp1	0
10	4	3	2	bhp1	0
10	4	3	3	bhp1	0
10	5	1	1	bhp1	0
10	5	1	2	bhp1	0
10	5	1	3	bhp1	0
10	5	2	1	bhp1	0
10	5	2	2	bhp1	0
10	5	2	3	bhp1	0
10	5	3	1	bhp1	0
10	5	3	2	bhp1	0
10	5	3	3	bhp1	0
10	6	1	1	bhp1	0
10	6	1	2	bhp1	0
10	6	1	3	bhp1	0
10	6	2	1	bhp1	0
10	6	2	2	bhp1	0
10	6	2	3	bhp1	0
10	6	3	1	bhp1	0
10	6	3	2	bhp1	0
10	6	3	3	bhp1	0
10	7	1	1	bhp1	0
10	7	1	2	bhp1	0
10	7	1	3	bhp1	0
10	7	2	1	bhp1	0
10	7	2	2	bhp1	0
10	7	2	3	bhp1	0
10	7	3	1	bhp1	0
10	7	3	2	bhp1	0
10	7	3	3	bhp1	0
10	8	1	1	bhp1	0
10	8	1	2	bhp1	0
10	8	1	3	bhp1	0
10	8	2	1	bhp1	0
10	8	2	2	bhp1	0
10	8	2	3	bhp1	0
10	8	3	1	bhp1	0
10	8	3	2	bhp1	0
10	8	3	3	bhp1	0
10	9	1	1	bhp1	0
10	9	1	2	bhp1	0
10	9	1	3	bhp1	0
10	9	2	1	bhp1	0
10	9	2	2	bhp1	0
10	9	2	3	bhp1	0
10	9	3	1	bhp1	0
10	9	3	2	bhp1	0
10	9	3	3	bhp1	0
20	0	1	1	bhp1	0
20	0	1	2	bhp1	0
20	0	1	3	bhp1	0
20	0	2	1	bhp1	0
20	0	2	2	bhp1	0
20	0	2	3	bhp1	0
20	0	3	1	bhp1	0
20	0	3	2	bhp1	0
20	0	3	3	bhp1	0
20	1	1	1	bhp1	0
20	1	1	2	bhp1	0
20	1	1	3	bhp1	0
20	1	2	1	bhp1	0
20	1	2	2	bhp1	0
20	1	2	3	bhp1	0
20	1	3	1	bhp1	0
20	1	3	2	bhp1	0
20	1	3	3	bhp1	0
20	2	1	1	bhp1	0
20	2	1	2	bhp1	0
20	2	1	3	bhp1	0
20	2	2	1	bhp1	0
20	2	2	2	bhp1	0
20	2	2	3	bhp1	0
20	2	3	1	bhp1	0
20	2	3	2	bhp1	0
20	2	3	3	bhp1	0
20	3	1	1	bhp1	0
20	3	1	2	bhp1	0
20	3	1	3	bhp1	0
20	3	2	1	bhp1	0
20	3	2	2	bhp1	0
20	3	2	3	bhp1	0
20	3	3	1	bhp1	0
20	3	3	2	bhp1	0
20	3	3	3	bhp1	0
20	4	1	1	bhp1	0
20	4	1	2	bhp1	0
20	4	1	3	bhp1	0
20	4	2	1	bhp1	0
20	4	2	2	bhp1	0
20	4	2	3	bhp1	0
20	4	3	1	bhp1	0
20	4	3	2	bhp1	0
20	4	3	3	bhp1	0
20	5	1	1	bhp1	0
20	5	1	2	bhp1	0
20	5	1	3	bhp1	0
20	5	2	1	bhp1	0
20	5	2	2	bhp1	0
20	5	2	3	bhp1	0
20	5	3	1	bhp1	0
20	5	3	2	bhp1	0
20	5	3	3	bhp1	0
20	6	1	1	bhp1	0
20	6	1	2	bhp1	0
20	6	1	3	bhp1	0
20	6	2	1	bhp1	0
20	6	2	2	bhp1	0
20	6	2	3	bhp1	0
20	6	3	1	bhp1	0
20	6	3	2	bhp1	0
20	6	3	3	bhp1	0
20	7	1	1	bhp1	0
20	7	1	2	bhp1	0
20	7	1	3	bhp1	0
20	7	2	1	bhp1	0
20	7	2	2	bhp1	0
20	7	2	3	bhp1	0
20	7	3	1	bhp1	0
20	7	3	2	bhp1	0
20	7	3	3	bhp1	0
20	8	1	1	bhp1	0
20	8	1	2	bhp1	0
20	8	1	3	bhp1	0
20	8	2	1	bhp1	0
20	8	2	2	bhp1	0
20	8	2	3	bhp1	0
20	8	3	1	bhp1	0
20	8	3	2	bhp1	0
20	8	3	3	bhp1	0
20	9	1	1	bhp1	0
20	9	1	2	bhp1	0
20	9	1	3	bhp1	0
20	9	2	1	bhp1	0
20	9	2	2	bhp1	0
20	9	2	3	bhp1	0
20	9	3	1	bhp1	0
20	9	3	2	bhp1	0
20	9	3	3	bhp1	0
30	0	1	1	bhp1	0
30	0	1	2	bhp1	0
30	0	1	3	bhp1	0
30	0	2	1	bhp1	0
30	0	2	2	bhp1	0
30	0	2	3	bhp1	0
30	0	3	1	bhp1	0
30	0	3	2	bhp1	0
30	0	3	3	bhp1	0
30	1	1	1	bhp1	0
30	1	1	2	bhp1	0
30	1	1	3	bhp1	0
30	1	2	1	bhp1	0
30	1	2	2	bhp1	0
30	1	2	3	bhp1	0
30	1	3	1	bhp1	0
30	1	3	2	bhp1	0
30	1	3	3	bhp1	0
30	2	1	1	bhp1	0
30	2	1	2	bhp1	0
30	2	1	3	bhp1	0
30	2	2	1	bhp1	0
30	2	2	2	bhp1	0
30	2	2	3	bhp1	0
30	2	3	1	bhp1	0
30	2	3	2	bhp1	0
30	2	3	3	bhp1	0
30	3	1	1	bhp1	0
30	3	1	2	bhp1	0
30	3	1	3	bhp1	0
30	3	2	1	bhp1	0
30	3	2	2	bhp1	0
30	3	2	3	bhp1	0
30	3	3	1	bhp1	0
30	3	3	2	bhp1	0
30	3	3	3	bhp1	0
30	4	1	1	bhp1	0
30	4	1	2	bhp1	0
30	4	1	3	bhp1	0
30	4	2	1	bhp1	0
30	4	2	2	bhp1	0
30	4	2	3	bhp1	0
30	4	3	1	bhp1	0
30	4	3	2	bhp1	0
30	4	3	3	bhp1	0
30	5	1	1	bhp1	0
30	5	1	2	bhp1	0
30	5	1	3	bhp1	0
30	5	2	1	bhp1	0
30	5	2	2	bhp1	0
30	5	2	3	bhp1	0
30	5	3	1	bhp1	0
30	5	3	2	bhp1	0
30	5	3	3	bhp1	0
30	6	1	1	bhp1	0
30	6	1	2	bhp1	0
30	6	1	3	bhp1	0
30	6	2	1	bhp1	0
30	6	2	2	bhp1	0
30	6	2	3	bhp1	0
30	6	3	1	bhp1	0
30	6	3	2	bhp1	0
30	6	3	3	bhp1	0
30	7	1	1	bhp1	0
30	7	1	2	bhp1	0
30	7	1	3	bhp1	0
30	7	2	1	bhp1	0
30	7	2	2	bhp1	0
30	7	2	3	bhp1	0
30	7	3	1	bhp1	0
30	7	3	2	bhp1	0
30	7	3	3	bhp1	0
30	8	1	1	bhp1	0
30	8	1	2	bhp1	0
30	8	1	3	bhp1	0
30	8	2	1	bhp1	0
30	8	2	2	bhp1	0
30	8	2	3	bhp1	0
30	8	3	1	bhp1	0
30	8	3	2	bhp1	0
30	8	3	3	bhp1	0
30	9	1	1	bhp1	0
30	9	1	2	bhp1	0
30	9	1	3	bhp1	0
30	9	2	1	bhp1	0
30	9	2	2	bhp1	0
30	9	2	3	bhp1	0
30	9	3	1	bhp1	0
30	9	3	2	bhp1	0
30	9	3	3	bhp1	0
40	0	1	1	bhp1	0
40	0	1	2	bhp1	0
40	0	1	3	bhp1	0
40	0	2	1	bhp1	0
40	0	2	2	bhp1	0
40	0	2	3	bhp1	0
40	0	3	1	bhp1	0
40	0	3	2	bhp1	0
40	0	3	3	bhp1	0
40	1	1	1	bhp1	0
40	1	1	2	bhp1	0
40	1	1	3	bhp1	0
40	1	2	1	bhp1	0
40	1	2	2	bhp1	0
40	1	2	3	bhp1	0
40	1	3	1	bhp1	0
40	1	3	2	bhp1	0
40	1	3	3	bhp1	0
40	2	1	1	bhp1	0
40	2	1	2	bhp1	0
40	2	1	3	bhp1	0
40	2	2	1	bhp1	0
40	2	2	2	bhp1	0
40	2	2	3	bhp1	0
40	2	3	1	bhp1	0
40	2	3	2	bhp1	0
40	2	3	3	bhp1	0
40	3	1	1	bhp1	0
40	3	1	2	bhp1	0
40	3	1	3	bhp1	0
40	3	2	1	bhp1	0
40	3	2	2	bhp1	0
40	3	2	3	bhp1	0
40	3	3	1	bhp1	0
40	3	3	2	bhp1	0
40	3	3	3	bhp1	0
40	4	1	1	bhp1	0
40	4	1	2	bhp1	0
40	4	1	3	bhp1	0
40	4	2	1	bhp1	0
40	4	2	2	bhp1	0
40	4	2	3	bhp1	0
40	4	3	1	bhp1	0
40	4	3	2	bhp1	0
40	4	3	3	bhp1	0
40	5	1	1	bhp1	0
40	5	1	2	bhp1	0
40	5	1	3	bhp1	0
40	5	2	1	bhp1	0
40	5	2	2	bhp1	0
40	5	2	3	bhp1	0
40	5	3	1	bhp1	0
40	5	3	2	bhp1	0
40	5	3	3	bhp1	0
40	6	1	1	bhp1	0
40	6	1	2	bhp1	0
40	6	1	3	bhp1	0
40	6	2	1	bhp1	0
40	6	2	2	bhp1	0
40	6	2	3	bhp1	0
40	6	3	1	bhp1	0
40	6	3	2	bhp1	0
40	6	3	3	bhp1	0
40	7	1	1	bhp1	0
40	7	1	2	bhp1	0
40	7	1	3	bhp1	0
40	7	2	1	bhp1	0
40	7	2	2	bhp1	0
40	7	2	3	bhp1	0
40	7	3	1	bhp1	0
40	7	3	2	bhp1	0
40	7	3	3	bhp1	0
40	8	1	1	bhp1	0
40	8	1	2	bhp1	0
40	8	1	3	bhp1	0
40	8	2	1	bhp1	0
40	8	2	2	bhp1	0
40	8	2	3	bhp1	0
40	8	3	1	bhp1	0
40	8	3	2	bhp1	0
40	8	3	3	bhp1	0
40	9	1	1	bhp1	0
40	9	1	2	bhp1	0
40	9	1	3	bhp1	0
40	9	2	1	bhp1	0
40	9	2	2	bhp1	0
40	9	2	3	bhp1	0
40	9	3	1	bhp1	0
40	9	3	2	bhp1	0
40	9	3	3	bhp1	0
50	0	1	1	bhp1	0
50	0	1	2	bhp1	0
50	0	1	3	bhp1	0
50	0	2	1	bhp1	0
50	0	2	2	bhp1	0
50	0	2	3	bhp1	0
50	0	3	1	bhp1	0
50	0	3	2	bhp1	0
50	0	3	3	bhp1	0
50	1	1	1	bhp1	0
50	1	1	2	bhp1	0
50	1	1	3	bhp1	0
50	1	2	1	bhp1	0
50	1	2	2	bhp1	0
50	1	2	3	bhp1	0
50	1	3	1	bhp1	0
50	1	3	2	bhp1	0
50	1	3	3	bhp1	0
50	2	1	1	bhp1	0
50	2	1	2	bhp1	0
50	2	1	3	bhp1	0
50	2	2	1	bhp1	0
50	2	2	2	bhp1	0
50	2	2	3	bhp1	0
50	2	3	1	bhp1	0
50	2	3	2	bhp1	0
50	2	3	3	bhp1	0
50	3	1	1	bhp1	0
50	3	1	2	bhp1	0
50	3	1	3	bhp1	0
50	3	2	1	bhp1	0
50	3	2	2	bhp1	0
50	3	2	3	bhp1	0
50	3	3	1	bhp1	0
50	3	3	2	bhp1	0
50	3	3	3	bhp1	0
50	4	1	1	bhp1	0
50	4	1	2	bhp1	0
50	4	1	3	bhp1	0
50	4	2	1	bhp1	0
50	4	2	2	bhp1	0
50	4	2	3	bhp1	0
50	4	3	1	bhp1	0
50	4	3	2	bhp1	0
50	4	3	3	bhp1	0
50	5	1	1	bhp1	0
50	5	1	2	bhp1	0
50	5	1	3	bhp1	0
50	5	2	1	bhp1	0
50	5	2	2	bhp1	0
50	5	2	3	bhp1	0
50	5	3	1	bhp1	0
50	5	3	2	bhp1	0
50	5	3	3	bhp1	0
50	6	1	1	bhp1	0
50	6	1	2	bhp1	0
50	6	1	3	bhp1	0
50	6	2	1	bhp1	0
50	6	2	2	bhp1	0
50	6	2	3	bhp1	0
50	6	3	1	bhp1	0
50	6	3	2	bhp1	0
50	6	3	3	bhp1	0
50	7	1	1	bhp1	0
50	7	1	2	bhp1	0
50	7	1	3	bhp1	0
50	7	2	1	bhp1	0
50	7	2	2	bhp1	0
50	7	2	3	bhp1	0
50	7	3	1	bhp1	0
50	7	3	2	bhp1	0
50	7	3	3	bhp1	0
50	8	1	1	bhp1	0
50	8	1	2	bhp1	0
50	8	1	3	bhp1	0
50	8	2	1	bhp1	0
50	8	2	2	bhp1	0
50	8	2	3	bhp1	0
50	8	3	1	bhp1	0
50	8	3	2	bhp1	0
50	8	3	3	bhp1	0
50	9	1	1	bhp1	0
50	9	1	2	bhp1	0
50	9	1	3	bhp1	0
50	9	2	1	bhp1	0
50	9	2	2	bhp1	0
50	9	2	3	bhp1	0
50	9	3	1	bhp1	0
50	9	3	2	bhp1	0
50	9	3	3	bhp1	0
60	0	1	1	bhp1	0
60	0	1	2	bhp1	0
60	0	1	3	bhp1	0
60	0	2	1	bhp1	0
60	0	2	2	bhp1	0
60	0	2	3	bhp1	0
60	0	3	1	bhp1	0
60	0	3	2	bhp1	0
60	0	3	3	bhp1	0
60	1	1	1	bhp1	0
60	1	1	2	bhp1	0
60	1	1	3	bhp1	0
60	1	2	1	bhp1	0
60	1	2	2	bhp1	0
60	1	2	3	bhp1	0
60	1	3	1	bhp1	0
60	1	3	2	bhp1	0
60	1	3	3	bhp1	0
60	2	1	1	bhp1	0
60	2	1	2	bhp1	0
60	2	1	3	bhp1	0
60	2	2	1	bhp1	0
60	2	2	2	bhp1	0
60	2	2	3	bhp1	0
60	2	3	1	bhp1	0
60	2	3	2	bhp1	0
60	2	3	3	bhp1	0
60	3	1	1	bhp1	0
60	3	1	2	bhp1	0
60	3	1	3	bhp1	0
60	3	2	1	bhp1	0
60	3	2	2	bhp1	0
60	3	2	3	bhp1	0
60	3	3	1	bhp1	0
60	3	3	2	bhp1	0
60	3	3	3	bhp1	0
60	4	1	1	bhp1	0
60	4	1	2	bhp1	0
60	4	1	3	bhp1	0
60	4	2	1	bhp1	0
60	4	2	2	bhp1	0
60	4	2	3	bhp1	0
60	4	3	1	bhp1	0
60	4	3	2	bhp1	0
60	4	3	3	bhp1	0
60	5	1	1	bhp1	0
60	5	1	2	bhp1	0
60	5	1	3	bhp1	0
60	5	2	1	bhp1	0
60	5	2	2	bhp1	0
60	5	2	3	bhp1	0
60	5	3	1	bhp1	0
60	5	3	2	bhp1	0
60	5	3	3	bhp1	0
60	6	1	1	bhp1	0
60	6	1	2	bhp1	0
60	6	1	3	bhp1	0
60	6	2	1	bhp1	0
60	6	2	2	bhp1	0
60	6	2	3	bhp1	0
60	6	3	1	bhp1	0
60	6	3	2	bhp1	0
60	6	3	3	bhp1	0
60	7	1	1	bhp1	0
60	7	1	2	bhp1	0
60	7	1	3	bhp1	0
60	7	2	1	bhp1	0
60	7	2	2	bhp1	0
60	7	2	3	bhp1	0
60	7	3	1	bhp1	0
60	7	3	2	bhp1	0
60	7	3	3	bhp1	0
60	8	1	1	bhp1	0
60	8	1	2	bhp1	0
60	8	1	3	bhp1	0
60	8	2	1	bhp1	0
60	8	2	2	bhp1	0
60	8	2	3	bhp1	0
60	8	3	1	bhp1	0
60	8	3	2	bhp1	0
60	8	3	3	bhp1	0
60	9	1	1	bhp1	0
60	9	1	2	bhp1	0
60	9	1	3	bhp1	0
60	9	2	1	bhp1	0
60	9	2	2	bhp1	0
60	9	2	3	bhp1	0
60	9	3	1	bhp1	0
60	9	3	2	bhp1	0
60	9	3	3	bhp1	0
70	0	1	1	bhp1	0
70	0	1	2	bhp1	0
70	0	1	3	bhp1	0
70	0	2	1	bhp1	0
70	0	2	2	bhp1	0
70	0	2	3	bhp1	0
70	0	3	1	bhp1	0
70	0	3	2	bhp1	0
70	0	3	3	bhp1	0
70	1	1	1	bhp1	0
70	1	1	2	bhp1	0
70	1	1	3	bhp1	0
70	1	2	1	bhp1	0
70	1	2	2	bhp1	0
70	1	2	3	bhp1	0
70	1	3	1	bhp1	0
70	1	3	2	bhp1	0
70	1	3	3	bhp1	0
70	2	1	1	bhp1	0
70	2	1	2	bhp1	0
70	2	1	3	bhp1	0
70	2	2	1	bhp1	0
70	2	2	2	bhp1	0
70	2	2	3	bhp1	0
70	2	3	1	bhp1	0
70	2	3	2	bhp1	0
70	2	3	3	bhp1	0
70	3	1	1	bhp1	0
70	3	1	2	bhp1	0
70	3	1	3	bhp1	0
70	3	2	1	bhp1	0
70	3	2	2	bhp1	0
70	3	2	3	bhp1	0
70	3	3	1	bhp1	0
70	3	3	2	bhp1	0
70	3	3	3	bhp1	0
70	4	1	1	bhp1	0
70	4	1	2	bhp1	0
70	4	1	3	bhp1	0
70	4	2	1	bhp1	0
70	4	2	2	bhp1	0
70	4	2	3	bhp1	0
70	4	3	1	bhp1	0
70	4	3	2	bhp1	0
70	4	3	3	bhp1	0
70	5	1	1	bhp1	0
70	5	1	2	bhp1	0
70	5	1	3	bhp1	0
70	5	2	1	bhp1	0
70	5	2	2	bhp1	0
70	5	2	3	bhp1	0
70	5	3	1	bhp1	0
70	5	3	2	bhp1	0
70	5	3	3	bhp1	0
70	6	1	1	bhp1	0
70	6	1	2	bhp1	0
70	6	1	3	bhp1	0
70	6	2	1	bhp1	0
70	6	2	2	bhp1	0
70	6	2	3	bhp1	0
70	6	3	1	bhp1	0
70	6	3	2	bhp1	0
70	6	3	3	bhp1	0
70	7	1	1	bhp1	0
70	7	1	2	bhp1	0
70	7	1	3	bhp1	0
70	7	2	1	bhp1	0
70	7	2	2	bhp1	0
70	7	2	3	bhp1	0
70	7	3	1	bhp1	0
70	7	3	2	bhp1	0
70	7	3	3	bhp1	0
70	8	1	1	bhp1	0
70	8	1	2	bhp1	0
70	8	1	3	bhp1	0
70	8	2	1	bhp1	0
70	8	2	2	bhp1	0
70	8	2	3	bhp1	0
70	8	3	1	bhp1	0
70	8	3	2	bhp1	0
70	8	3	3	bhp1	0
70	9	1	1	bhp1	0
70	9	1	2	bhp1	0
70	9	1	3	bhp1	0
70	9	2	1	bhp1	0
70	9	2	2	bhp1	0
70	9	2	3	bhp1	0
70	9	3	1	bhp1	0
70	9	3	2	bhp1	0
70	9	3	3	bhp1	0
80	0	1	1	bhp1	0
80	0	1	2	bhp1	0
80	0	1	3	bhp1	0
80	0	2	1	bhp1	0
80	0	2	2	bhp1	0
80	0	2	3	bhp1	0
80	0	3	1	bhp1	0
80	0	3	2	bhp1	0
80	0	3	3	bhp1	0
80	1	1	1	bhp1	0
80	1	1	2	bhp1	0
80	1	1	3	bhp1	0
80	1	2	1	bhp1	0
80	1	2	2	bhp1	0
80	1	2	3	bhp1	0
80	1	3	1	bhp1	0
80	1	3	2	bhp1	0
80	1	3	3	bhp1	0
80	2	1	1	bhp1	0
80	2	1	2	bhp1	0
80	2	1	3	bhp1	0
80	2	2	1	bhp1	0
80	2	2	2	bhp1	0
80	2	2	3	bhp1	0
80	2	3	1	bhp1	0
80	2	3	2	bhp1	0
80	2	3	3	bhp1	0
80	3	1	1	bhp1	0
80	3	1	2	bhp1	0
80	3	1	3	bhp1	0
80	3	2	1	bhp1	0
80	3	2	2	bhp1	0
80	3	2	3	bhp1	0
80	3	3	1	bhp1	0
80	3	3	2	bhp1	0
80	3	3	3	bhp1	0
80	4	1	1	bhp1	0
80	4	1	2	bhp1	0
80	4	1	3	bhp1	0
80	4	2	1	bhp1	0
80	4	2	2	bhp1	0
80	4	2	3	bhp1	0
80	4	3	1	bhp1	0
80	4	3	2	bhp1	0
80	4	3	3	bhp1	0
80	5	1	1	bhp1	0
80	5	1	2	bhp1	0
80	5	1	3	bhp1	0
80	5	2	1	bhp1	0
80	5	2	2	bhp1	0
80	5	2	3	bhp1	0
80	5	3	1	bhp1	0
80	5	3	2	bhp1	0
80	5	3	3	bhp1	0
80	6	1	1	bhp1	0
80	6	1	2	bhp1	0
80	6	1	3	bhp1	0
80	6	2	1	bhp1	0
80	6	2	2	bhp1	0
80	6	2	3	bhp1	0
80	6	3	1	bhp1	0
80	6	3	2	bhp1	0
80	6	3	3	bhp1	0
80	7	1	1	bhp1	0
80	7	1	2	bhp1	0
80	7	1	3	bhp1	0
80	7	2	1	bhp1	0
80	7	2	2	bhp1	0
80	7	2	3	bhp1	0
80	7	3	1	bhp1	0
80	7	3	2	bhp1	0
80	7	3	3	bhp1	0
80	8	1	1	bhp1	0
80	8	1	2	bhp1	0
80	8	1	3	bhp1	0
80	8	2	1	bhp1	0
80	8	2	2	bhp1	0
80	8	2	3	bhp1	0
80	8	3	1	bhp1	0
80	8	3	2	bhp1	0
80	8	3	3	bhp1	0
80	9	1	1	bhp1	0
80	9	1	2	bhp1	0
80	9	1	3	bhp1	0
80	9	2	1	bhp1	0
80	9	2	2	bhp1	0
80	9	2	3	bhp1	0
80	9	3	1	bhp1	0
80	9	3	2	bhp1	0
80	9	3	3	bhp1	0
90	0	1	1	bhp1	0
90	0	1	2	bhp1	0
90	0	1	3	bhp1	0
90	0	2	1	bhp1	0
90	0	2	2	bhp1	0
90	0	2	3	bhp1	0
90	0	3	1	bhp1	0
90	0	3	2	bhp1	0
90	0	3	3	bhp1	0
90	1	1	1	bhp1	0
90	1	1	2	bhp1	0
90	1	1	3	bhp1	0
90	1	2	1	bhp1	0
90	1	2	2	bhp1	0
90	1	2	3	bhp1	0
90	1	3	1	bhp1	0
90	1	3	2	bhp1	0
90	1	3	3	bhp1	0
90	2	1	1	bhp1	0
90	2	1	2	bhp1	0
90	2	1	3	bhp1	0
90	2	2	1	bhp1	0
90	2	2	2	bhp1	0
90	2	2	3	bhp1	0
90	2	3	1	bhp1	0
90	2	3	2	bhp1	0
90	2	3	3	bhp1	0
90	3	1	1	bhp1	20000
90	3	1	2	bhp1	0
90	3	1	3	bhp1	0
90	3	2	1	bhp1	0
90	3	2	2	bhp1	0
90	3	2	3	bhp1	0
90	3	3	1	bhp1	0
90	3	3	2	bhp1	0
90	3	3	3	bhp1	0
90	4	1	1	bhp1	0
90	4	1	2	bhp1	0
90	4	1	3	bhp1	0
90	4	2	1	bhp1	0
90	4	2	2	bhp1	0
90	4	2	3	bhp1	0
90	4	3	1	bhp1	0
90	4	3	2	bhp1	0
90	4	3	3	bhp1	0
90	5	1	1	bhp1	0
90	5	1	2	bhp1	0
90	5	1	3	bhp1	0
90	5	2	1	bhp1	0
90	5	2	2	bhp1	0
90	5	2	3	bhp1	0
90	5	3	1	bhp1	0
90	5	3	2	bhp1	0
90	5	3	3	bhp1	0
90	6	1	1	bhp1	0
90	6	1	2	bhp1	0
90	6	1	3	bhp1	0
90	6	2	1	bhp1	0
90	6	2	2	bhp1	0
90	6	2	3	bhp1	0
90	6	3	1	bhp1	0
90	6	3	2	bhp1	0
90	6	3	3	bhp1	0
90	7	1	1	bhp1	0
90	7	1	2	bhp1	0
90	7	1	3	bhp1	0
90	7	2	1	bhp1	0
90	7	2	2	bhp1	0
90	7	2	3	bhp1	0
90	7	3	1	bhp1	0
90	7	3	2	bhp1	0
90	7	3	3	bhp1	0
90	8	1	1	bhp1	0
90	8	1	2	bhp1	0
90	8	1	3	bhp1	0
90	8	2	1	bhp1	0
90	8	2	2	bhp1	0
90	8	2	3	bhp1	0
90	8	3	1	bhp1	0
90	8	3	2	bhp1	0
90	8	3	3	bhp1	0
90	9	1	1	bhp1	0
90	9	1	2	bhp1	0
90	9	1	3	bhp1	0
90	9	2	1	bhp1	0
90	9	2	2	bhp1	0
90	9	2	3	bhp1	0
90	9	3	1	bhp1	0
90	9	3	2	bhp1	0
90	9	3	3	bhp1	0
100	0	1	1	bhp1	0
100	0	1	2	bhp1	0
100	0	1	3	bhp1	0
100	0	2	1	bhp1	0
100	0	2	2	bhp1	0
100	0	2	3	bhp1	0
100	0	3	1	bhp1	0
100	0	3	2	bhp1	0
100	0	3	3	bhp1	0
100	1	1	1	bhp1	0
100	1	1	2	bhp1	0
100	1	1	3	bhp1	0
100	1	2	1	bhp1	0
100	1	2	2	bhp1	0
100	1	2	3	bhp1	0
100	1	3	1	bhp1	0
100	1	3	2	bhp1	0
100	1	3	3	bhp1	0
100	2	1	1	bhp1	0
100	2	1	2	bhp1	0
100	2	1	3	bhp1	0
100	2	2	1	bhp1	0
100	2	2	2	bhp1	0
100	2	2	3	bhp1	0
100	2	3	1	bhp1	0
100	2	3	2	bhp1	0
100	2	3	3	bhp1	0
100	3	1	1	bhp1	0
100	3	1	2	bhp1	0
100	3	1	3	bhp1	0
100	3	2	1	bhp1	0
100	3	2	2	bhp1	0
100	3	2	3	bhp1	0
100	3	3	1	bhp1	0
100	3	3	2	bhp1	0
100	3	3	3	bhp1	0
100	4	1	1	bhp1	0
100	4	1	2	bhp1	0
100	4	1	3	bhp1	0
100	4	2	1	bhp1	0
100	4	2	2	bhp1	0
100	4	2	3	bhp1	0
100	4	3	1	bhp1	0
100	4	3	2	bhp1	0
100	4	3	3	bhp1	0
100	5	1	1	bhp1	0
100	5	1	2	bhp1	0
100	5	1	3	bhp1	0
100	5	2	1	bhp1	0
100	5	2	2	bhp1	0
100	5	2	3	bhp1	0
100	5	3	1	bhp1	0
100	5	3	2	bhp1	0
100	5	3	3	bhp1	0
100	6	1	1	bhp1	0
100	6	1	2	bhp1	0
100	6	1	3	bhp1	0
100	6	2	1	bhp1	0
100	6	2	2	bhp1	0
100	6	2	3	bhp1	0
100	6	3	1	bhp1	0
100	6	3	2	bhp1	0
100	6	3	3	bhp1	0
100	7	1	1	bhp1	0
100	7	1	2	bhp1	0
100	7	1	3	bhp1	0
100	7	2	1	bhp1	0
100	7	2	2	bhp1	0
100	7	2	3	bhp1	0
100	7	3	1	bhp1	0
100	7	3	2	bhp1	0
100	7	3	3	bhp1	0
100	8	1	1	bhp1	0
100	8	1	2	bhp1	0
100	8	1	3	bhp1	0
100	8	2	1	bhp1	0
100	8	2	2	bhp1	0
100	8	2	3	bhp1	0
100	8	3	1	bhp1	0
100	8	3	2	bhp1	0
100	8	3	3	bhp1	0
100	9	1	1	bhp1	0
100	9	1	2	bhp1	0
100	9	1	3	bhp1	0
100	9	2	1	bhp1	0
100	9	2	2	bhp1	0
100	9	2	3	bhp1	0
100	9	3	1	bhp1	0
100	9	3	2	bhp1	0
100	9	3	3	bhp1	0
500	0	1	1	bhp1	10000
500	0	1	2	bhp1	0
500	0	1	3	bhp1	10000
500	0	2	1	bhp1	10000
500	0	2	2	bhp1	10000
500	0	2	3	bhp1	10000
500	0	3	1	bhp1	0
500	0	3	2	bhp1	10000
500	0	3	3	bhp1	10000
500	1	1	1	bhp1	10000
500	1	1	2	bhp1	10000
500	1	1	3	bhp1	0
500	1	2	1	bhp1	10000
500	1	2	2	bhp1	10000
500	1	2	3	bhp1	10000
500	1	3	1	bhp1	10000
500	1	3	2	bhp1	0
500	1	3	3	bhp1	10000
500	2	1	1	bhp1	0
500	2	1	2	bhp1	0
500	2	1	3	bhp1	10000
500	2	2	1	bhp1	0
500	2	2	2	bhp1	10000
500	2	2	3	bhp1	0
500	2	3	1	bhp1	0
500	2	3	2	bhp1	10000
500	2	3	3	bhp1	10000
500	3	1	1	bhp1	0
500	3	1	2	bhp1	0
500	3	1	3	bhp1	0
500	3	2	1	bhp1	0
500	3	2	2	bhp1	0
500	3	2	3	bhp1	0
500	3	3	1	bhp1	0
500	3	3	2	bhp1	0
500	3	3	3	bhp1	0
500	4	1	1	bhp1	0
500	4	1	2	bhp1	0
500	4	1	3	bhp1	0
500	4	2	1	bhp1	0
500	4	2	2	bhp1	0
500	4	2	3	bhp1	0
500	4	3	1	bhp1	0
500	4	3	2	bhp1	0
500	4	3	3	bhp1	0
500	5	1	1	bhp1	0
500	5	1	2	bhp1	0
500	5	1	3	bhp1	0
500	5	2	1	bhp1	0
500	5	2	2	bhp1	0
500	5	2	3	bhp1	0
500	5	3	1	bhp1	0
500	5	3	2	bhp1	0
500	5	3	3	bhp1	0
500	6	1	1	bhp1	0
500	6	1	2	bhp1	0
500	6	1	3	bhp1	0
500	6	2	1	bhp1	0
500	6	2	2	bhp1	0
500	6	2	3	bhp1	0
500	6	3	1	bhp1	0
500	6	3	2	bhp1	0
500	6	3	3	bhp1	0
500	7	1	1	bhp1	0
500	7	1	2	bhp1	0
500	7	1	3	bhp1	0
500	7	2	1	bhp1	0
500	7	2	2	bhp1	0
500	7	2	3	bhp1	0
500	7	3	1	bhp1	0
500	7	3	2	bhp1	0
500	7	3	3	bhp1	0
500	8	1	1	bhp1	0
500	8	1	2	bhp1	0
500	8	1	3	bhp1	0
500	8	2	1	bhp1	0
500	8	2	2	bhp1	0
500	8	2	3	bhp1	0
500	8	3	1	bhp1	0
500	8	3	2	bhp1	0
500	8	3	3	bhp1	0
500	9	1	1	bhp1	0
500	9	1	2	bhp1	0
500	9	1	3	bhp1	0
500	9	2	1	bhp1	0
500	9	2	2	bhp1	0
500	9	2	3	bhp1	0
500	9	3	1	bhp1	0
500	9	3	2	bhp1	0
500	9	3	3	bhp1	0
1000	0	1	1	bhp1	30000
1000	0	1	2	bhp1	30000
1000	0	1	3	bhp1	30000
1000	0	2	1	bhp1	30000
1000	0	2	2	bhp1	30000
1000	0	2	3	bhp1	30000
1000	0	3	1	bhp1	30000
1000	0	3	2	bhp1	30000
1000	0	3	3	bhp1	30000
1000	1	1	1	bhp1	30000
1000	1	1	2	bhp1	20000
1000	1	1	3	bhp1	30000
1000	1	2	1	bhp1	20000
1000	1	2	2	bhp1	20000
1000	1	2	3	bhp1	30000
1000	1	3	1	bhp1	20000
1000	1	3	2	bhp1	30000
1000	1	3	3	bhp1	30000
1000	2	1	1	bhp1	20000
1000	2	1	2	bhp1	20000
1000	2	1	3	bhp1	20000
1000	2	2	1	bhp1	20000
1000	2	2	2	bhp1	20000
1000	2	2	3	bhp1	20000
1000	2	3	1	bhp1	20000
1000	2	3	2	bhp1	30000
1000	2	3	3	bhp1	20000
1000	3	1	1	bhp1	20000
1000	3	1	2	bhp1	20000
1000	3	1	3	bhp1	20000
1000	3	2	1	bhp1	20000
1000	3	2	2	bhp1	20000
1000	3	2	3	bhp1	20000
1000	3	3	1	bhp1	20000
1000	3	3	2	bhp1	20000
1000	3	3	3	bhp1	20000
1000	4	1	1	bhp1	20000
1000	4	1	2	bhp1	20000
1000	4	1	3	bhp1	20000
1000	4	2	1	bhp1	20000
1000	4	2	2	bhp1	20000
1000	4	2	3	bhp1	20000
1000	4	3	1	bhp1	20000
1000	4	3	2	bhp1	20000
1000	4	3	3	bhp1	10000
1000	5	1	1	bhp1	10000
1000	5	1	2	bhp1	10000
1000	5	1	3	bhp1	10000
1000	5	2	1	bhp1	10000
1000	5	2	2	bhp1	10000
1000	5	2	3	bhp1	10000
1000	5	3	1	bhp1	10000
1000	5	3	2	bhp1	10000
1000	5	3	3	bhp1	20000
1000	6	1	1	bhp1	0
1000	6	1	2	bhp1	10000
1000	6	1	3	bhp1	10000
1000	6	2	1	bhp1	0
1000	6	2	2	bhp1	10000
1000	6	2	3	bhp1	0
1000	6	3	1	bhp1	10000
1000	6	3	2	bhp1	10000
1000	6	3	3	bhp1	0
1000	7	1	1	bhp1	10000
1000	7	1	2	bhp1	10000
1000	7	1	3	bhp1	10000
1000	7	2	1	bhp1	10000
1000	7	2	2	bhp1	10000
1000	7	2	3	bhp1	0
1000	7	3	1	bhp1	10000
1000	7	3	2	bhp1	0
1000	7	3	3	bhp1	10000
1000	8	1	1	bhp1	10000
1000	8	1	2	bhp1	10000
1000	8	1	3	bhp1	0
1000	8	2	1	bhp1	10000
1000	8	2	2	bhp1	0
1000	8	2	3	bhp1	10000
1000	8	3	1	bhp1	0
1000	8	3	2	bhp1	0
1000	8	3	3	bhp1	0
1000	9	1	1	bhp1	0
1000	9	1	2	bhp1	0
1000	9	1	3	bhp1	0
1000	9	2	1	bhp1	0
1000	9	2	2	bhp1	0
1000	9	2	3	bhp1	10000
1000	9	3	1	bhp1	0
1000	9	3	2	bhp1	10000
1000	9	3	3	bhp1	0
1500	0	1	1	bhp1	70000
1500	0	1	2	bhp1	70000
1500	0	1	3	bhp1	70000
1500	0	2	1	bhp1	70000
1500	0	2	2	bhp1	70000
1500	0	2	3	bhp1	70000
1500	0	3	1	bhp1	70000
1500	0	3	2	bhp1	70000
1500	0	3	3	bhp1	70000
1500	1	1	1	bhp1	60000
1500	1	1	2	bhp1	60000
1500	1	1	3	bhp1	60000
1500	1	2	1	bhp1	70000
1500	1	2	2	bhp1	60000
1500	1	2	3	bhp1	60000
1500	1	3	1	bhp1	60000
1500	1	3	2	bhp1	70000
1500	1	3	3	bhp1	70000
1500	2	1	1	bhp1	50000
1500	2	1	2	bhp1	50000
1500	2	1	3	bhp1	50000
1500	2	2	1	bhp1	60000
1500	2	2	2	bhp1	60000
1500	2	2	3	bhp1	50000
1500	2	3	1	bhp1	60000
1500	2	3	2	bhp1	50000
1500	2	3	3	bhp1	60000
1500	3	1	1	bhp1	40000
1500	3	1	2	bhp1	50000
1500	3	1	3	bhp1	50000
1500	3	2	1	bhp1	50000
1500	3	2	2	bhp1	50000
1500	3	2	3	bhp1	50000
1500	3	3	1	bhp1	50000
1500	3	3	2	bhp1	40000
1500	3	3	3	bhp1	50000
1500	4	1	1	bhp1	40000
1500	4	1	2	bhp1	40000
1500	4	1	3	bhp1	40000
1500	4	2	1	bhp1	40000
1500	4	2	2	bhp1	40000
1500	4	2	3	bhp1	40000
1500	4	3	1	bhp1	40000
1500	4	3	2	bhp1	40000
1500	4	3	3	bhp1	40000
1500	5	1	1	bhp1	30000
1500	5	1	2	bhp1	30000
1500	5	1	3	bhp1	40000
1500	5	2	1	bhp1	30000
1500	5	2	2	bhp1	30000
1500	5	2	3	bhp1	40000
1500	5	3	1	bhp1	30000
1500	5	3	2	bhp1	40000
1500	5	3	3	bhp1	40000
1500	6	1	1	bhp1	30000
1500	6	1	2	bhp1	30000
1500	6	1	3	bhp1	20000
1500	6	2	1	bhp1	20000
1500	6	2	2	bhp1	30000
1500	6	2	3	bhp1	20000
1500	6	3	1	bhp1	30000
1500	6	3	2	bhp1	30000
1500	6	3	3	bhp1	20000
1500	7	1	1	bhp1	20000
1500	7	1	2	bhp1	20000
1500	7	1	3	bhp1	10000
1500	7	2	1	bhp1	20000
1500	7	2	2	bhp1	20000
1500	7	2	3	bhp1	20000
1500	7	3	1	bhp1	20000
1500	7	3	2	bhp1	10000
1500	7	3	3	bhp1	20000
1500	8	1	1	bhp1	20000
1500	8	1	2	bhp1	10000
1500	8	1	3	bhp1	10000
1500	8	2	1	bhp1	10000
1500	8	2	2	bhp1	20000
1500	8	2	3	bhp1	10000
1500	8	3	1	bhp1	10000
1500	8	3	2	bhp1	10000
1500	8	3	3	bhp1	10000
1500	9	1	1	bhp1	10000
1500	9	1	2	bhp1	10000
1500	9	1	3	bhp1	0
1500	9	2	1	bhp1	10000
1500	9	2	2	bhp1	10000
1500	9	2	3	bhp1	0
1500	9	3	1	bhp1	10000
1500	9	3	2	bhp1	10000
1500	9	3	3	bhp1	0
2000	0	1	1	bhp1	130000
2000	0	1	2	bhp1	130000
2000	0	1	3	bhp1	120000
2000	0	2	1	bhp1	130000
2000	0	2	2	bhp1	120000
2000	0	2	3	bhp1	120000
2000	0	3	1	bhp1	120000
2000	0	3	2	bhp1	120000
2000	0	3	3	bhp1	130000
2000	1	1	1	bhp1	110000
2000	1	1	2	bhp1	120000
2000	1	1	3	bhp1	110000
2000	1	2	1	bhp1	120000
2000	1	2	2	bhp1	120000
2000	1	2	3	bhp1	110000
2000	1	3	1	bhp1	110000
2000	1	3	2	bhp1	120000
2000	1	3	3	bhp1	110000
2000	2	1	1	bhp1	100000
2000	2	1	2	bhp1	110000
2000	2	1	3	bhp1	110000
2000	2	2	1	bhp1	110000
2000	2	2	2	bhp1	110000
2000	2	2	3	bhp1	110000
2000	2	3	1	bhp1	120000
2000	2	3	2	bhp1	100000
2000	2	3	3	bhp1	110000
2000	3	1	1	bhp1	90000
2000	3	1	2	bhp1	90000
2000	3	1	3	bhp1	90000
2000	3	2	1	bhp1	90000
2000	3	2	2	bhp1	100000
2000	3	2	3	bhp1	100000
2000	3	3	1	bhp1	90000
2000	3	3	2	bhp1	90000
2000	3	3	3	bhp1	100000
2000	4	1	1	bhp1	70000
2000	4	1	2	bhp1	80000
2000	4	1	3	bhp1	70000
2000	4	2	1	bhp1	80000
2000	4	2	2	bhp1	80000
2000	4	2	3	bhp1	80000
2000	4	3	1	bhp1	80000
2000	4	3	2	bhp1	80000
2000	4	3	3	bhp1	70000
2000	5	1	1	bhp1	60000
2000	5	1	2	bhp1	60000
2000	5	1	3	bhp1	70000
2000	5	2	1	bhp1	60000
2000	5	2	2	bhp1	70000
2000	5	2	3	bhp1	70000
2000	5	3	1	bhp1	60000
2000	5	3	2	bhp1	70000
2000	5	3	3	bhp1	70000
2000	6	1	1	bhp1	60000
2000	6	1	2	bhp1	60000
2000	6	1	3	bhp1	60000
2000	6	2	1	bhp1	60000
2000	6	2	2	bhp1	50000
2000	6	2	3	bhp1	60000
2000	6	3	1	bhp1	60000
2000	6	3	2	bhp1	60000
2000	6	3	3	bhp1	50000
2000	7	1	1	bhp1	40000
2000	7	1	2	bhp1	40000
2000	7	1	3	bhp1	40000
2000	7	2	1	bhp1	40000
2000	7	2	2	bhp1	40000
2000	7	2	3	bhp1	40000
2000	7	3	1	bhp1	40000
2000	7	3	2	bhp1	40000
2000	7	3	3	bhp1	40000
2000	8	1	1	bhp1	20000
2000	8	1	2	bhp1	30000
2000	8	1	3	bhp1	20000
2000	8	2	1	bhp1	30000
2000	8	2	2	bhp1	20000
2000	8	2	3	bhp1	20000
2000	8	3	1	bhp1	20000
2000	8	3	2	bhp1	20000
2000	8	3	3	bhp1	20000
2000	9	1	1	bhp1	10000
2000	9	1	2	bhp1	20000
2000	9	1	3	bhp1	10000
2000	9	2	1	bhp1	10000
2000	9	2	2	bhp1	10000
2000	9	2	3	bhp1	20000
2000	9	3	1	bhp1	10000
2000	9	3	2	bhp1	10000
2000	9	3	3	bhp1	20000
2500	0	1	1	bhp1	210000
2500	0	1	2	bhp1	210000
2500	0	1	3	bhp1	200000
2500	0	2	1	bhp1	210000
2500	0	2	2	bhp1	200000
2500	0	2	3	bhp1	210000
2500	0	3	1	bhp1	210000
2500	0	3	2	bhp1	200000
2500	0	3	3	bhp1	210000
2500	1	1	1	bhp1	190000
2500	1	1	2	bhp1	190000
2500	1	1	3	bhp1	180000
2500	1	2	1	bhp1	190000
2500	1	2	2	bhp1	200000
2500	1	2	3	bhp1	190000
2500	1	3	1	bhp1	190000
2500	1	3	2	bhp1	180000
2500	1	3	3	bhp1	180000
2500	2	1	1	bhp1	160000
2500	2	1	2	bhp1	160000
2500	2	1	3	bhp1	170000
2500	2	2	1	bhp1	160000
2500	2	2	2	bhp1	160000
2500	2	2	3	bhp1	170000
2500	2	3	1	bhp1	160000
2500	2	3	2	bhp1	160000
2500	2	3	3	bhp1	160000
2500	3	1	1	bhp1	140000
2500	3	1	2	bhp1	140000
2500	3	1	3	bhp1	150000
2500	3	2	1	bhp1	150000
2500	3	2	2	bhp1	160000
2500	3	2	3	bhp1	150000
2500	3	3	1	bhp1	150000
2500	3	3	2	bhp1	150000
2500	3	3	3	bhp1	150000
2500	4	1	1	bhp1	130000
2500	4	1	2	bhp1	130000
2500	4	1	3	bhp1	130000
2500	4	2	1	bhp1	130000
2500	4	2	2	bhp1	130000
2500	4	2	3	bhp1	130000
2500	4	3	1	bhp1	130000
2500	4	3	2	bhp1	130000
2500	4	3	3	bhp1	120000
2500	5	1	1	bhp1	110000
2500	5	1	2	bhp1	100000
2500	5	1	3	bhp1	100000
2500	5	2	1	bhp1	110000
2500	5	2	2	bhp1	110000
2500	5	2	3	bhp1	100000
2500	5	3	1	bhp1	100000
2500	5	3	2	bhp1	100000
2500	5	3	3	bhp1	100000
2500	6	1	1	bhp1	80000
2500	6	1	2	bhp1	90000
2500	6	1	3	bhp1	90000
2500	6	2	1	bhp1	90000
2500	6	2	2	bhp1	100000
2500	6	2	3	bhp1	80000
2500	6	3	1	bhp1	90000
2500	6	3	2	bhp1	80000
2500	6	3	3	bhp1	80000
2500	7	1	1	bhp1	70000
2500	7	1	2	bhp1	60000
2500	7	1	3	bhp1	70000
2500	7	2	1	bhp1	70000
2500	7	2	2	bhp1	60000
2500	7	2	3	bhp1	60000
2500	7	3	1	bhp1	70000
2500	7	3	2	bhp1	70000
2500	7	3	3	bhp1	70000
2500	8	1	1	bhp1	40000
2500	8	1	2	bhp1	40000
2500	8	1	3	bhp1	40000
2500	8	2	1	bhp1	40000
2500	8	2	2	bhp1	50000
2500	8	2	3	bhp1	40000
2500	8	3	1	bhp1	40000
2500	8	3	2	bhp1	50000
2500	8	3	3	bhp1	40000
2500	9	1	1	bhp1	20000
2500	9	1	2	bhp1	20000
2500	9	1	3	bhp1	20000
2500	9	2	1	bhp1	20000
2500	9	2	2	bhp1	20000
2500	9	2	3	bhp1	20000
2500	9	3	1	bhp1	20000
2500	9	3	2	bhp1	20000
2500	9	3	3	bhp1	20000
3000	0	1	1	bhp1	320000
3000	0	1	2	bhp1	320000
3000	0	1	3	bhp1	310000
3000	0	2	1	bhp1	310000
3000	0	2	2	bhp1	320000
3000	0	2	3	bhp1	310000
3000	0	3	1	bhp1	300000
3000	0	3	2	bhp1	320000
3000	0	3	3	bhp1	310000
3000	1	1	1	bhp1	280000
3000	1	1	2	bhp1	270000
3000	1	1	3	bhp1	280000
3000	1	2	1	bhp1	280000
3000	1	2	2	bhp1	280000
3000	1	2	3	bhp1	280000
3000	1	3	1	bhp1	300000
3000	1	3	2	bhp1	290000
3000	1	3	3	bhp1	300000
3000	2	1	1	bhp1	250000
3000	2	1	2	bhp1	250000
3000	2	1	3	bhp1	240000
3000	2	2	1	bhp1	250000
3000	2	2	2	bhp1	250000
3000	2	2	3	bhp1	240000
3000	2	3	1	bhp1	240000
3000	2	3	2	bhp1	250000
3000	2	3	3	bhp1	240000
3000	3	1	1	bhp1	220000
3000	3	1	2	bhp1	210000
3000	3	1	3	bhp1	220000
3000	3	2	1	bhp1	220000
3000	3	2	2	bhp1	220000
3000	3	2	3	bhp1	210000
3000	3	3	1	bhp1	220000
3000	3	3	2	bhp1	220000
3000	3	3	3	bhp1	210000
3000	4	1	1	bhp1	180000
3000	4	1	2	bhp1	190000
3000	4	1	3	bhp1	190000
3000	4	2	1	bhp1	180000
3000	4	2	2	bhp1	180000
3000	4	2	3	bhp1	180000
3000	4	3	1	bhp1	190000
3000	4	3	2	bhp1	190000
3000	4	3	3	bhp1	200000
3000	5	1	1	bhp1	160000
3000	5	1	2	bhp1	170000
3000	5	1	3	bhp1	160000
3000	5	2	1	bhp1	150000
3000	5	2	2	bhp1	150000
3000	5	2	3	bhp1	160000
3000	5	3	1	bhp1	160000
3000	5	3	2	bhp1	150000
3000	5	3	3	bhp1	160000
3000	6	1	1	bhp1	130000
3000	6	1	2	bhp1	120000
3000	6	1	3	bhp1	140000
3000	6	2	1	bhp1	140000
3000	6	2	2	bhp1	120000
3000	6	2	3	bhp1	120000
3000	6	3	1	bhp1	120000
3000	6	3	2	bhp1	140000
3000	6	3	3	bhp1	140000
3000	7	1	1	bhp1	100000
3000	7	1	2	bhp1	100000
3000	7	1	3	bhp1	100000
3000	7	2	1	bhp1	90000
3000	7	2	2	bhp1	100000
3000	7	2	3	bhp1	100000
3000	7	3	1	bhp1	100000
3000	7	3	2	bhp1	100000
3000	7	3	3	bhp1	100000
3000	8	1	1	bhp1	60000
3000	8	1	2	bhp1	60000
3000	8	1	3	bhp1	60000
3000	8	2	1	bhp1	70000
3000	8	2	2	bhp1	60000
3000	8	2	3	bhp1	70000
3000	8	3	1	bhp1	70000
3000	8	3	2	bhp1	80000
3000	8	3	3	bhp1	70000
3000	9	1	1	bhp1	30000
3000	9	1	2	bhp1	30000
3000	9	1	3	bhp1	30000
3000	9	2	1	bhp1	30000
3000	9	2	2	bhp1	40000
3000	9	2	3	bhp1	30000
3000	9	3	1	bhp1	30000
3000	9	3	2	bhp1	30000
3000	9	3	3	bhp1	30000
3500	0	1	1	bhp1	450000
3500	0	1	2	bhp1	450000
3500	0	1	3	bhp1	460000
3500	0	2	1	bhp1	460000
3500	0	2	2	bhp1	480000
3500	0	2	3	bhp1	450000
3500	0	3	1	bhp1	450000
3500	0	3	2	bhp1	450000
3500	0	3	3	bhp1	450000
3500	1	1	1	bhp1	390000
3500	1	1	2	bhp1	400000
3500	1	1	3	bhp1	400000
3500	1	2	1	bhp1	410000
3500	1	2	2	bhp1	400000
3500	1	2	3	bhp1	400000
3500	1	3	1	bhp1	400000
3500	1	3	2	bhp1	390000
3500	1	3	3	bhp1	400000
3500	2	1	1	bhp1	350000
3500	2	1	2	bhp1	350000
3500	2	1	3	bhp1	350000
3500	2	2	1	bhp1	370000
3500	2	2	2	bhp1	360000
3500	2	2	3	bhp1	350000
3500	2	3	1	bhp1	350000
3500	2	3	2	bhp1	360000
3500	2	3	3	bhp1	350000
3500	3	1	1	bhp1	310000
3500	3	1	2	bhp1	320000
3500	3	1	3	bhp1	310000
3500	3	2	1	bhp1	310000
3500	3	2	2	bhp1	310000
3500	3	2	3	bhp1	320000
3500	3	3	1	bhp1	310000
3500	3	3	2	bhp1	310000
3500	3	3	3	bhp1	310000
3500	4	1	1	bhp1	260000
3500	4	1	2	bhp1	260000
3500	4	1	3	bhp1	270000
3500	4	2	1	bhp1	270000
3500	4	2	2	bhp1	260000
3500	4	2	3	bhp1	260000
3500	4	3	1	bhp1	270000
3500	4	3	2	bhp1	270000
3500	4	3	3	bhp1	260000
3500	5	1	1	bhp1	220000
3500	5	1	2	bhp1	210000
3500	5	1	3	bhp1	220000
3500	5	2	1	bhp1	230000
3500	5	2	2	bhp1	220000
3500	5	2	3	bhp1	220000
3500	5	3	1	bhp1	230000
3500	5	3	2	bhp1	220000
3500	5	3	3	bhp1	230000
3500	6	1	1	bhp1	170000
3500	6	1	2	bhp1	180000
3500	6	1	3	bhp1	170000
3500	6	2	1	bhp1	180000
3500	6	2	2	bhp1	180000
3500	6	2	3	bhp1	170000
3500	6	3	1	bhp1	190000
3500	6	3	2	bhp1	170000
3500	6	3	3	bhp1	170000
3500	7	1	1	bhp1	130000
3500	7	1	2	bhp1	140000
3500	7	1	3	bhp1	140000
3500	7	2	1	bhp1	130000
3500	7	2	2	bhp1	140000
3500	7	2	3	bhp1	130000
3500	7	3	1	bhp1	130000
3500	7	3	2	bhp1	140000
3500	7	3	3	bhp1	140000
3500	8	1	1	bhp1	90000
3500	8	1	2	bhp1	90000
3500	8	1	3	bhp1	90000
3500	8	2	1	bhp1	100000
3500	8	2	2	bhp1	90000
3500	8	2	3	bhp1	90000
3500	8	3	1	bhp1	100000
3500	8	3	2	bhp1	90000
3500	8	3	3	bhp1	100000
3500	9	1	1	bhp1	50000
3500	9	1	2	bhp1	40000
3500	9	1	3	bhp1	40000
3500	9	2	1	bhp1	50000
3500	9	2	2	bhp1	40000
3500	9	2	3	bhp1	40000
3500	9	3	1	bhp1	50000
3500	9	3	2	bhp1	40000
3500	9	3	3	bhp1	50000
4000	0	1	1	bhp1	620000
4000	0	1	2	bhp1	630000
4000	0	1	3	bhp1	620000
4000	0	2	1	bhp1	610000
4000	0	2	2	bhp1	620000
4000	0	2	3	bhp1	620000
4000	0	3	1	bhp1	610000
4000	0	3	2	bhp1	620000
4000	0	3	3	bhp1	620000
4000	1	1	1	bhp1	590000
4000	1	1	2	bhp1	550000
4000	1	1	3	bhp1	550000
4000	1	2	1	bhp1	550000
4000	1	2	2	bhp1	560000
4000	1	2	3	bhp1	550000
4000	1	3	1	bhp1	550000
4000	1	3	2	bhp1	560000
4000	1	3	3	bhp1	560000
4000	2	1	1	bhp1	490000
4000	2	1	2	bhp1	490000
4000	2	1	3	bhp1	480000
4000	2	2	1	bhp1	490000
4000	2	2	2	bhp1	490000
4000	2	2	3	bhp1	510000
4000	2	3	1	bhp1	490000
4000	2	3	2	bhp1	480000
4000	2	3	3	bhp1	480000
4000	3	1	1	bhp1	440000
4000	3	1	2	bhp1	440000
4000	3	1	3	bhp1	440000
4000	3	2	1	bhp1	420000
4000	3	2	2	bhp1	420000
4000	3	2	3	bhp1	420000
4000	3	3	1	bhp1	410000
4000	3	3	2	bhp1	420000
4000	3	3	3	bhp1	410000
4000	4	1	1	bhp1	360000
4000	4	1	2	bhp1	350000
4000	4	1	3	bhp1	360000
4000	4	2	1	bhp1	360000
4000	4	2	2	bhp1	360000
4000	4	2	3	bhp1	350000
4000	4	3	1	bhp1	350000
4000	4	3	2	bhp1	360000
4000	4	3	3	bhp1	350000
4000	5	1	1	bhp1	310000
4000	5	1	2	bhp1	300000
4000	5	1	3	bhp1	300000
4000	5	2	1	bhp1	290000
4000	5	2	2	bhp1	300000
4000	5	2	3	bhp1	290000
4000	5	3	1	bhp1	290000
4000	5	3	2	bhp1	300000
4000	5	3	3	bhp1	300000
4000	6	1	1	bhp1	240000
4000	6	1	2	bhp1	230000
4000	6	1	3	bhp1	240000
4000	6	2	1	bhp1	240000
4000	6	2	2	bhp1	240000
4000	6	2	3	bhp1	240000
4000	6	3	1	bhp1	260000
4000	6	3	2	bhp1	240000
4000	6	3	3	bhp1	240000
4000	7	1	1	bhp1	180000
4000	7	1	2	bhp1	180000
4000	7	1	3	bhp1	190000
4000	7	2	1	bhp1	180000
4000	7	2	2	bhp1	170000
4000	7	2	3	bhp1	180000
4000	7	3	1	bhp1	180000
4000	7	3	2	bhp1	180000
4000	7	3	3	bhp1	170000
4000	8	1	1	bhp1	120000
4000	8	1	2	bhp1	120000
4000	8	1	3	bhp1	130000
4000	8	2	1	bhp1	130000
4000	8	2	2	bhp1	120000
4000	8	2	3	bhp1	120000
4000	8	3	1	bhp1	120000
4000	8	3	2	bhp1	120000
4000	8	3	3	bhp1	130000
4000	9	1	1	bhp1	70000
4000	9	1	2	bhp1	60000
4000	9	1	3	bhp1	60000
4000	9	2	1	bhp1	60000
4000	9	2	2	bhp1	60000
4000	9	2	3	bhp1	60000
4000	9	3	1	bhp1	60000
4000	9	3	2	bhp1	60000
4000	9	3	3	bhp1	60000
4500	0	1	1	bhp1	810000
4500	0	1	2	bhp1	810000
4500	0	1	3	bhp1	830000
4500	0	2	1	bhp1	820000
4500	0	2	2	bhp1	820000
4500	0	2	3	bhp1	820000
4500	0	3	1	bhp1	820000
4500	0	3	2	bhp1	830000
4500	0	3	3	bhp1	820000
4500	1	1	1	bhp1	740000
4500	1	1	2	bhp1	750000
4500	1	1	3	bhp1	740000
4500	1	2	1	bhp1	750000
4500	1	2	2	bhp1	740000
4500	1	2	3	bhp1	740000
4500	1	3	1	bhp1	730000
4500	1	3	2	bhp1	730000
4500	1	3	3	bhp1	740000
4500	2	1	1	bhp1	660000
4500	2	1	2	bhp1	650000
4500	2	1	3	bhp1	660000
4500	2	2	1	bhp1	680000
4500	2	2	2	bhp1	640000
4500	2	2	3	bhp1	660000
4500	2	3	1	bhp1	640000
4500	2	3	2	bhp1	640000
4500	2	3	3	bhp1	640000
4500	3	1	1	bhp1	560000
4500	3	1	2	bhp1	550000
4500	3	1	3	bhp1	570000
4500	3	2	1	bhp1	570000
4500	3	2	2	bhp1	550000
4500	3	2	3	bhp1	570000
4500	3	3	1	bhp1	560000
4500	3	3	2	bhp1	570000
4500	3	3	3	bhp1	560000
4500	4	1	1	bhp1	480000
4500	4	1	2	bhp1	470000
4500	4	1	3	bhp1	470000
4500	4	2	1	bhp1	470000
4500	4	2	2	bhp1	480000
4500	4	2	3	bhp1	460000
4500	4	3	1	bhp1	470000
4500	4	3	2	bhp1	480000
4500	4	3	3	bhp1	480000
4500	5	1	1	bhp1	390000
4500	5	1	2	bhp1	390000
4500	5	1	3	bhp1	400000
4500	5	2	1	bhp1	390000
4500	5	2	2	bhp1	390000
4500	5	2	3	bhp1	390000
4500	5	3	1	bhp1	400000
4500	5	3	2	bhp1	390000
4500	5	3	3	bhp1	390000
4500	6	1	1	bhp1	310000
4500	6	1	2	bhp1	310000
4500	6	1	3	bhp1	330000
4500	6	2	1	bhp1	310000
4500	6	2	2	bhp1	310000
4500	6	2	3	bhp1	320000
4500	6	3	1	bhp1	300000
4500	6	3	2	bhp1	320000
4500	6	3	3	bhp1	310000
4500	7	1	1	bhp1	230000
4500	7	1	2	bhp1	240000
4500	7	1	3	bhp1	230000
4500	7	2	1	bhp1	230000
4500	7	2	2	bhp1	240000
4500	7	2	3	bhp1	250000
4500	7	3	1	bhp1	230000
4500	7	3	2	bhp1	240000
4500	7	3	3	bhp1	230000
4500	8	1	1	bhp1	160000
4500	8	1	2	bhp1	160000
4500	8	1	3	bhp1	160000
4500	8	2	1	bhp1	160000
4500	8	2	2	bhp1	160000
4500	8	2	3	bhp1	150000
4500	8	3	1	bhp1	160000
4500	8	3	2	bhp1	150000
4500	8	3	3	bhp1	160000
4500	9	1	1	bhp1	80000
4500	9	1	2	bhp1	80000
4500	9	1	3	bhp1	80000
4500	9	2	1	bhp1	80000
4500	9	2	2	bhp1	90000
4500	9	2	3	bhp1	80000
4500	9	3	1	bhp1	80000
4500	9	3	2	bhp1	90000
4500	9	3	3	bhp1	90000
5000	0	1	1	bhp1	1040000
5000	0	1	2	bhp1	1050000
5000	0	1	3	bhp1	1050000
5000	0	2	1	bhp1	1070000
5000	0	2	2	bhp1	1050000
5000	0	2	3	bhp1	1050000
5000	0	3	1	bhp1	1070000
5000	0	3	2	bhp1	1070000
5000	0	3	3	bhp1	1050000
5000	1	1	1	bhp1	990000
5000	1	1	2	bhp1	970000
5000	1	1	3	bhp1	960000
5000	1	2	1	bhp1	940000
5000	1	2	2	bhp1	980000
5000	1	2	3	bhp1	960000
5000	1	3	1	bhp1	960000
5000	1	3	2	bhp1	940000
5000	1	3	3	bhp1	960000
5000	2	1	1	bhp1	830000
5000	2	1	2	bhp1	850000
5000	2	1	3	bhp1	850000
5000	2	2	1	bhp1	820000
5000	2	2	2	bhp1	830000
5000	2	2	3	bhp1	840000
5000	2	3	1	bhp1	840000
5000	2	3	2	bhp1	830000
5000	2	3	3	bhp1	850000
5000	3	1	1	bhp1	720000
5000	3	1	2	bhp1	720000
5000	3	1	3	bhp1	720000
5000	3	2	1	bhp1	750000
5000	3	2	2	bhp1	730000
5000	3	2	3	bhp1	710000
5000	3	3	1	bhp1	740000
5000	3	3	2	bhp1	730000
5000	3	3	3	bhp1	710000
5000	4	1	1	bhp1	600000
5000	4	1	2	bhp1	620000
5000	4	1	3	bhp1	610000
5000	4	2	1	bhp1	600000
5000	4	2	2	bhp1	610000
5000	4	2	3	bhp1	610000
5000	4	3	1	bhp1	610000
5000	4	3	2	bhp1	610000
5000	4	3	3	bhp1	600000
5000	5	1	1	bhp1	490000
5000	5	1	2	bhp1	490000
5000	5	1	3	bhp1	510000
5000	5	2	1	bhp1	500000
5000	5	2	2	bhp1	500000
5000	5	2	3	bhp1	490000
5000	5	3	1	bhp1	510000
5000	5	3	2	bhp1	490000
5000	5	3	3	bhp1	500000
5000	6	1	1	bhp1	410000
5000	6	1	2	bhp1	410000
5000	6	1	3	bhp1	390000
5000	6	2	1	bhp1	390000
5000	6	2	2	bhp1	390000
5000	6	2	3	bhp1	380000
5000	6	3	1	bhp1	390000
5000	6	3	2	bhp1	390000
5000	6	3	3	bhp1	390000
5000	7	1	1	bhp1	300000
5000	7	1	2	bhp1	300000
5000	7	1	3	bhp1	290000
5000	7	2	1	bhp1	300000
5000	7	2	2	bhp1	290000
5000	7	2	3	bhp1	290000
5000	7	3	1	bhp1	290000
5000	7	3	2	bhp1	290000
5000	7	3	3	bhp1	290000
5000	8	1	1	bhp1	200000
5000	8	1	2	bhp1	190000
5000	8	1	3	bhp1	190000
5000	8	2	1	bhp1	190000
5000	8	2	2	bhp1	200000
5000	8	2	3	bhp1	200000
5000	8	3	1	bhp1	200000
5000	8	3	2	bhp1	200000
5000	8	3	3	bhp1	200000
5000	9	1	1	bhp1	110000
5000	9	1	2	bhp1	100000
5000	9	1	3	bhp1	100000
5000	9	2	1	bhp1	100000
5000	9	2	2	bhp1	100000
5000	9	2	3	bhp1	100000
5000	9	3	1	bhp1	100000
5000	9	3	2	bhp1	100000
5000	9	3	3	bhp1	100000
5500	0	1	1	bhp1	1320000
5500	0	1	2	bhp1	1300000
5500	0	1	3	bhp1	1300000
5500	0	2	1	bhp1	1300000
5500	0	2	2	bhp1	1320000
5500	0	2	3	bhp1	1310000
5500	0	3	1	bhp1	1300000
5500	0	3	2	bhp1	1300000
5500	0	3	3	bhp1	1290000
5500	1	1	1	bhp1	1170000
5500	1	1	2	bhp1	1200000
5500	1	1	3	bhp1	1190000
5500	1	2	1	bhp1	1210000
5500	1	2	2	bhp1	1180000
5500	1	2	3	bhp1	1180000
5500	1	3	1	bhp1	1190000
5500	1	3	2	bhp1	1170000
5500	1	3	3	bhp1	1180000
5500	2	1	1	bhp1	1050000
5500	2	1	2	bhp1	1050000
5500	2	1	3	bhp1	1060000
5500	2	2	1	bhp1	1080000
5500	2	2	2	bhp1	1040000
5500	2	2	3	bhp1	1070000
5500	2	3	1	bhp1	1030000
5500	2	3	2	bhp1	1040000
5500	2	3	3	bhp1	1050000
5500	3	1	1	bhp1	910000
5500	3	1	2	bhp1	900000
5500	3	1	3	bhp1	910000
5500	3	2	1	bhp1	910000
5500	3	2	2	bhp1	910000
5500	3	2	3	bhp1	900000
5500	3	3	1	bhp1	920000
5500	3	3	2	bhp1	900000
5500	3	3	3	bhp1	910000
5500	4	1	1	bhp1	770000
5500	4	1	2	bhp1	780000
5500	4	1	3	bhp1	770000
5500	4	2	1	bhp1	830000
5500	4	2	2	bhp1	780000
5500	4	2	3	bhp1	770000
5500	4	3	1	bhp1	770000
5500	4	3	2	bhp1	760000
5500	4	3	3	bhp1	770000
5500	5	1	1	bhp1	630000
5500	5	1	2	bhp1	620000
5500	5	1	3	bhp1	620000
5500	5	2	1	bhp1	620000
5500	5	2	2	bhp1	630000
5500	5	2	3	bhp1	620000
5500	5	3	1	bhp1	630000
5500	5	3	2	bhp1	630000
5500	5	3	3	bhp1	640000
5500	6	1	1	bhp1	490000
5500	6	1	2	bhp1	490000
5500	6	1	3	bhp1	490000
5500	6	2	1	bhp1	490000
5500	6	2	2	bhp1	480000
5500	6	2	3	bhp1	480000
5500	6	3	1	bhp1	480000
5500	6	3	2	bhp1	490000
5500	6	3	3	bhp1	490000
5500	7	1	1	bhp1	380000
5500	7	1	2	bhp1	390000
5500	7	1	3	bhp1	400000
5500	7	2	1	bhp1	360000
5500	7	2	2	bhp1	370000
5500	7	2	3	bhp1	360000
5500	7	3	1	bhp1	360000
5500	7	3	2	bhp1	360000
5500	7	3	3	bhp1	360000
5500	8	1	1	bhp1	240000
5500	8	1	2	bhp1	240000
5500	8	1	3	bhp1	240000
5500	8	2	1	bhp1	240000
5500	8	2	2	bhp1	250000
5500	8	2	3	bhp1	270000
5500	8	3	1	bhp1	240000
5500	8	3	2	bhp1	240000
5500	8	3	3	bhp1	240000
5500	9	1	1	bhp1	130000
5500	9	1	2	bhp1	130000
5500	9	1	3	bhp1	120000
5500	9	2	1	bhp1	130000
5500	9	2	2	bhp1	130000
5500	9	2	3	bhp1	130000
5500	9	3	1	bhp1	130000
5500	9	3	2	bhp1	130000
5500	9	3	3	bhp1	140000
6000	0	1	1	bhp1	1600000
6000	0	1	2	bhp1	1590000
6000	0	1	3	bhp1	1600000
6000	0	2	1	bhp1	1650000
6000	0	2	2	bhp1	1600000
6000	0	2	3	bhp1	1610000
6000	0	3	1	bhp1	1620000
6000	0	3	2	bhp1	1610000
6000	0	3	3	bhp1	1600000
6000	1	1	1	bhp1	1440000
6000	1	1	2	bhp1	1450000
6000	1	1	3	bhp1	1450000
6000	1	2	1	bhp1	1460000
6000	1	2	2	bhp1	1460000
6000	1	2	3	bhp1	1460000
6000	1	3	1	bhp1	1450000
6000	1	3	2	bhp1	1450000
6000	1	3	3	bhp1	1440000
6000	2	1	1	bhp1	1330000
6000	2	1	2	bhp1	1300000
6000	2	1	3	bhp1	1280000
6000	2	2	1	bhp1	1270000
6000	2	2	2	bhp1	1280000
6000	2	2	3	bhp1	1270000
6000	2	3	1	bhp1	1280000
6000	2	3	2	bhp1	1290000
6000	2	3	3	bhp1	1280000
6000	3	1	1	bhp1	1130000
6000	3	1	2	bhp1	1100000
6000	3	1	3	bhp1	1110000
6000	3	2	1	bhp1	1180000
6000	3	2	2	bhp1	1150000
6000	3	2	3	bhp1	1180000
6000	3	3	1	bhp1	1110000
6000	3	3	2	bhp1	1140000
6000	3	3	3	bhp1	1150000
6000	4	1	1	bhp1	960000
6000	4	1	2	bhp1	930000
6000	4	1	3	bhp1	940000
6000	4	2	1	bhp1	950000
6000	4	2	2	bhp1	940000
6000	4	2	3	bhp1	940000
6000	4	3	1	bhp1	960000
6000	4	3	2	bhp1	960000
6000	4	3	3	bhp1	960000
6000	5	1	1	bhp1	800000
6000	5	1	2	bhp1	810000
6000	5	1	3	bhp1	770000
6000	5	2	1	bhp1	780000
6000	5	2	2	bhp1	780000
6000	5	2	3	bhp1	770000
6000	5	3	1	bhp1	800000
6000	5	3	2	bhp1	800000
6000	5	3	3	bhp1	790000
6000	6	1	1	bhp1	640000
6000	6	1	2	bhp1	640000
6000	6	1	3	bhp1	620000
6000	6	2	1	bhp1	600000
6000	6	2	2	bhp1	600000
6000	6	2	3	bhp1	600000
6000	6	3	1	bhp1	600000
6000	6	3	2	bhp1	590000
6000	6	3	3	bhp1	600000
6000	7	1	1	bhp1	470000
6000	7	1	2	bhp1	460000
6000	7	1	3	bhp1	440000
6000	7	2	1	bhp1	490000
6000	7	2	2	bhp1	490000
6000	7	2	3	bhp1	470000
6000	7	3	1	bhp1	440000
6000	7	3	2	bhp1	440000
6000	7	3	3	bhp1	450000
6000	8	1	1	bhp1	340000
6000	8	1	2	bhp1	290000
6000	8	1	3	bhp1	310000
6000	8	2	1	bhp1	290000
6000	8	2	2	bhp1	300000
6000	8	2	3	bhp1	300000
6000	8	3	1	bhp1	300000
6000	8	3	2	bhp1	300000
6000	8	3	3	bhp1	310000
6000	9	1	1	bhp1	160000
6000	9	1	2	bhp1	160000
6000	9	1	3	bhp1	150000
6000	9	2	1	bhp1	150000
6000	9	2	2	bhp1	150000
6000	9	2	3	bhp1	160000
6000	9	3	1	bhp1	150000
6000	9	3	2	bhp1	160000
6000	9	3	3	bhp1	160000
6500	0	1	1	bhp1	1930000
6500	0	1	2	bhp1	1940000
6500	0	1	3	bhp1	1950000
6500	0	2	1	bhp1	1910000
6500	0	2	2	bhp1	1920000
6500	0	2	3	bhp1	1940000
6500	0	3	1	bhp1	1990000
6500	0	3	2	bhp1	1960000
6500	0	3	3	bhp1	1900000
6500	1	1	1	bhp1	1790000
6500	1	1	2	bhp1	1770000
6500	1	1	3	bhp1	1750000
6500	1	2	1	bhp1	1740000
6500	1	2	2	bhp1	1730000
6500	1	2	3	bhp1	1740000
6500	1	3	1	bhp1	1730000
6500	1	3	2	bhp1	1730000
6500	1	3	3	bhp1	1720000
6500	2	1	1	bhp1	1520000
6500	2	1	2	bhp1	1570000
6500	2	1	3	bhp1	1550000
6500	2	2	1	bhp1	1550000
6500	2	2	2	bhp1	1550000
6500	2	2	3	bhp1	1560000
6500	2	3	1	bhp1	1610000
6500	2	3	2	bhp1	1550000
6500	2	3	3	bhp1	1540000
6500	3	1	1	bhp1	1360000
6500	3	1	2	bhp1	1350000
6500	3	1	3	bhp1	1360000
6500	3	2	1	bhp1	1340000
6500	3	2	2	bhp1	1360000
6500	3	2	3	bhp1	1350000
6500	3	3	1	bhp1	1340000
6500	3	3	2	bhp1	1350000
6500	3	3	3	bhp1	1360000
6500	4	1	1	bhp1	1170000
6500	4	1	2	bhp1	1140000
6500	4	1	3	bhp1	1160000
6500	4	2	1	bhp1	1150000
6500	4	2	2	bhp1	1160000
6500	4	2	3	bhp1	1150000
6500	4	3	1	bhp1	1130000
6500	4	3	2	bhp1	1140000
6500	4	3	3	bhp1	1150000
6500	5	1	1	bhp1	950000
6500	5	1	2	bhp1	950000
6500	5	1	3	bhp1	950000
6500	5	2	1	bhp1	980000
6500	5	2	2	bhp1	990000
6500	5	2	3	bhp1	930000
6500	5	3	1	bhp1	950000
6500	5	3	2	bhp1	970000
6500	5	3	3	bhp1	980000
6500	6	1	1	bhp1	730000
6500	6	1	2	bhp1	740000
6500	6	1	3	bhp1	740000
6500	6	2	1	bhp1	730000
6500	6	2	2	bhp1	720000
6500	6	2	3	bhp1	740000
6500	6	3	1	bhp1	730000
6500	6	3	2	bhp1	810000
6500	6	3	3	bhp1	730000
6500	7	1	1	bhp1	540000
6500	7	1	2	bhp1	530000
6500	7	1	3	bhp1	540000
6500	7	2	1	bhp1	530000
6500	7	2	2	bhp1	530000
6500	7	2	3	bhp1	550000
6500	7	3	1	bhp1	530000
6500	7	3	2	bhp1	530000
6500	7	3	3	bhp1	540000
6500	8	1	1	bhp1	350000
6500	8	1	2	bhp1	370000
6500	8	1	3	bhp1	360000
6500	8	2	1	bhp1	350000
6500	8	2	2	bhp1	360000
6500	8	2	3	bhp1	360000
6500	8	3	1	bhp1	350000
6500	8	3	2	bhp1	360000
6500	8	3	3	bhp1	360000
6500	9	1	1	bhp1	180000
6500	9	1	2	bhp1	190000
6500	9	1	3	bhp1	190000
6500	9	2	1	bhp1	190000
6500	9	2	2	bhp1	200000
6500	9	2	3	bhp1	230000
6500	9	3	1	bhp1	180000
6500	9	3	2	bhp1	180000
6500	9	3	3	bhp1	180000
7000	0	1	1	bhp1	2240000
7000	0	1	2	bhp1	2260000
7000	0	1	3	bhp1	2270000
7000	0	2	1	bhp1	2270000
7000	0	2	2	bhp1	2280000
7000	0	2	3	bhp1	2300000
7000	0	3	1	bhp1	2270000
7000	0	3	2	bhp1	2250000
7000	0	3	3	bhp1	2320000
7000	1	1	1	bhp1	2080000
7000	1	1	2	bhp1	2070000
7000	1	1	3	bhp1	2040000
7000	1	2	1	bhp1	2050000
7000	1	2	2	bhp1	2060000
7000	1	2	3	bhp1	2050000
7000	1	3	1	bhp1	2120000
7000	1	3	2	bhp1	2190000
7000	1	3	3	bhp1	2160000
7000	2	1	1	bhp1	1820000
7000	2	1	2	bhp1	1840000
7000	2	1	3	bhp1	1840000
7000	2	2	1	bhp1	1850000
7000	2	2	2	bhp1	1910000
7000	2	2	3	bhp1	1950000
7000	2	3	1	bhp1	1860000
7000	2	3	2	bhp1	1850000
7000	2	3	3	bhp1	1830000
7000	3	1	1	bhp1	1610000
7000	3	1	2	bhp1	1590000
7000	3	1	3	bhp1	1720000
7000	3	2	1	bhp1	1600000
7000	3	2	2	bhp1	1600000
7000	3	2	3	bhp1	1620000
7000	3	3	1	bhp1	1650000
7000	3	3	2	bhp1	1620000
7000	3	3	3	bhp1	1590000
7000	4	1	1	bhp1	1370000
7000	4	1	2	bhp1	1380000
7000	4	1	3	bhp1	1380000
7000	4	2	1	bhp1	1400000
7000	4	2	2	bhp1	1380000
7000	4	2	3	bhp1	1390000
7000	4	3	1	bhp1	1360000
7000	4	3	2	bhp1	1400000
7000	4	3	3	bhp1	1450000
7000	5	1	1	bhp1	1140000
7000	5	1	2	bhp1	1120000
7000	5	1	3	bhp1	1140000
7000	5	2	1	bhp1	1120000
7000	5	2	2	bhp1	1120000
7000	5	2	3	bhp1	1190000
7000	5	3	1	bhp1	1120000
7000	5	3	2	bhp1	1130000
7000	5	3	3	bhp1	1150000
7000	6	1	1	bhp1	880000
7000	6	1	2	bhp1	870000
7000	6	1	3	bhp1	860000
7000	6	2	1	bhp1	890000
7000	6	2	2	bhp1	870000
7000	6	2	3	bhp1	870000
7000	6	3	1	bhp1	890000
7000	6	3	2	bhp1	880000
7000	6	3	3	bhp1	910000
7000	7	1	1	bhp1	650000
7000	7	1	2	bhp1	640000
7000	7	1	3	bhp1	650000
7000	7	2	1	bhp1	650000
7000	7	2	2	bhp1	640000
7000	7	2	3	bhp1	630000
7000	7	3	1	bhp1	630000
7000	7	3	2	bhp1	640000
7000	7	3	3	bhp1	630000
7000	8	1	1	bhp1	440000
7000	8	1	2	bhp1	430000
7000	8	1	3	bhp1	420000
7000	8	2	1	bhp1	430000
7000	8	2	2	bhp1	440000
7000	8	2	3	bhp1	440000
7000	8	3	1	bhp1	410000
7000	8	3	2	bhp1	430000
7000	8	3	3	bhp1	430000
7000	9	1	1	bhp1	210000
7000	9	1	2	bhp1	220000
7000	9	1	3	bhp1	220000
7000	9	2	1	bhp1	220000
7000	9	2	2	bhp1	210000
7000	9	2	3	bhp1	210000
7000	9	3	1	bhp1	210000
7000	9	3	2	bhp1	220000
7000	9	3	3	bhp1	210000
7500	0	1	1	bhp1	2710000
7500	0	1	2	bhp1	2710000
7500	0	1	3	bhp1	2640000
7500	0	2	1	bhp1	2660000
7500	0	2	2	bhp1	2680000
7500	0	2	3	bhp1	2670000
7500	0	3	1	bhp1	2680000
7500	0	3	2	bhp1	2670000
7500	0	3	3	bhp1	2680000
7500	1	1	1	bhp1	2440000
7500	1	1	2	bhp1	2390000
7500	1	1	3	bhp1	2420000
7500	1	2	1	bhp1	2430000
7500	1	2	2	bhp1	2400000
7500	1	2	3	bhp1	2390000
7500	1	3	1	bhp1	2430000
7500	1	3	2	bhp1	2410000
7500	1	3	3	bhp1	2420000
7500	2	1	1	bhp1	2170000
7500	2	1	2	bhp1	2200000
7500	2	1	3	bhp1	2150000
7500	2	2	1	bhp1	2190000
7500	2	2	2	bhp1	2240000
7500	2	2	3	bhp1	2170000
7500	2	3	1	bhp1	2160000
7500	2	3	2	bhp1	2140000
7500	2	3	3	bhp1	2170000
7500	3	1	1	bhp1	1890000
7500	3	1	2	bhp1	1920000
7500	3	1	3	bhp1	1890000
7500	3	2	1	bhp1	1890000
7500	3	2	2	bhp1	1910000
7500	3	2	3	bhp1	1890000
7500	3	3	1	bhp1	1880000
7500	3	3	2	bhp1	1930000
7500	3	3	3	bhp1	1880000
7500	4	1	1	bhp1	1630000
7500	4	1	2	bhp1	1640000
7500	4	1	3	bhp1	1620000
7500	4	2	1	bhp1	1610000
7500	4	2	2	bhp1	1640000
7500	4	2	3	bhp1	1610000
7500	4	3	1	bhp1	1630000
7500	4	3	2	bhp1	1650000
7500	4	3	3	bhp1	1650000
7500	5	1	1	bhp1	1350000
7500	5	1	2	bhp1	1340000
7500	5	1	3	bhp1	1330000
7500	5	2	1	bhp1	1330000
7500	5	2	2	bhp1	1350000
7500	5	2	3	bhp1	1340000
7500	5	3	1	bhp1	1340000
7500	5	3	2	bhp1	1350000
7500	5	3	3	bhp1	1340000
7500	6	1	1	bhp1	1050000
7500	6	1	2	bhp1	1050000
7500	6	1	3	bhp1	1060000
7500	6	2	1	bhp1	1050000
7500	6	2	2	bhp1	1040000
7500	6	2	3	bhp1	1040000
7500	6	3	1	bhp1	1070000
7500	6	3	2	bhp1	1080000
7500	6	3	3	bhp1	1050000
7500	7	1	1	bhp1	760000
7500	7	1	2	bhp1	760000
7500	7	1	3	bhp1	760000
7500	7	2	1	bhp1	790000
7500	7	2	2	bhp1	810000
7500	7	2	3	bhp1	760000
7500	7	3	1	bhp1	770000
7500	7	3	2	bhp1	770000
7500	7	3	3	bhp1	780000
7500	8	1	1	bhp1	490000
7500	8	1	2	bhp1	480000
7500	8	1	3	bhp1	500000
7500	8	2	1	bhp1	500000
7500	8	2	2	bhp1	490000
7500	8	2	3	bhp1	490000
7500	8	3	1	bhp1	490000
7500	8	3	2	bhp1	500000
7500	8	3	3	bhp1	480000
7500	9	1	1	bhp1	270000
7500	9	1	2	bhp1	250000
7500	9	1	3	bhp1	250000
7500	9	2	1	bhp1	250000
7500	9	2	2	bhp1	250000
7500	9	2	3	bhp1	260000
7500	9	3	1	bhp1	260000
7500	9	3	2	bhp1	250000
7500	9	3	3	bhp1	250000
8000	0	1	1	bhp1	3130000
8000	0	1	2	bhp1	3100000
8000	0	1	3	bhp1	3090000
8000	0	2	1	bhp1	3060000
8000	0	2	2	bhp1	3070000
8000	0	2	3	bhp1	3070000
8000	0	3	1	bhp1	3100000
8000	0	3	2	bhp1	3110000
8000	0	3	3	bhp1	3090000
8000	1	1	1	bhp1	2780000
8000	1	1	2	bhp1	2820000
8000	1	1	3	bhp1	2850000
8000	1	2	1	bhp1	2790000
8000	1	2	2	bhp1	2870000
8000	1	2	3	bhp1	2820000
8000	1	3	1	bhp1	2830000
8000	1	3	2	bhp1	2820000
8000	1	3	3	bhp1	2800000
8000	2	1	1	bhp1	2530000
8000	2	1	2	bhp1	2520000
8000	2	1	3	bhp1	2520000
8000	2	2	1	bhp1	2500000
8000	2	2	2	bhp1	2500000
8000	2	2	3	bhp1	2480000
8000	2	3	1	bhp1	2570000
8000	2	3	2	bhp1	2500000
8000	2	3	3	bhp1	2510000
8000	3	1	1	bhp1	2300000
8000	3	1	2	bhp1	2220000
8000	3	1	3	bhp1	2170000
8000	3	2	1	bhp1	2190000
8000	3	2	2	bhp1	2210000
8000	3	2	3	bhp1	2300000
8000	3	3	1	bhp1	2180000
8000	3	3	2	bhp1	2190000
8000	3	3	3	bhp1	2200000
8000	4	1	1	bhp1	1890000
8000	4	1	2	bhp1	1900000
8000	4	1	3	bhp1	1870000
8000	4	2	1	bhp1	1890000
8000	4	2	2	bhp1	1890000
8000	4	2	3	bhp1	1880000
8000	4	3	1	bhp1	1880000
8000	4	3	2	bhp1	1870000
8000	4	3	3	bhp1	1860000
8000	5	1	1	bhp1	1620000
8000	5	1	2	bhp1	1560000
8000	5	1	3	bhp1	1670000
8000	5	2	1	bhp1	1600000
8000	5	2	2	bhp1	1610000
8000	5	2	3	bhp1	1670000
8000	5	3	1	bhp1	1610000
8000	5	3	2	bhp1	1600000
8000	5	3	3	bhp1	1610000
8000	6	1	1	bhp1	1320000
8000	6	1	2	bhp1	1320000
8000	6	1	3	bhp1	1320000
8000	6	2	1	bhp1	1310000
8000	6	2	2	bhp1	1430000
8000	6	2	3	bhp1	1260000
8000	6	3	1	bhp1	1310000
8000	6	3	2	bhp1	1300000
8000	6	3	3	bhp1	1320000
8000	7	1	1	bhp1	940000
8000	7	1	2	bhp1	930000
8000	7	1	3	bhp1	940000
8000	7	2	1	bhp1	900000
8000	7	2	2	bhp1	900000
8000	7	2	3	bhp1	880000
8000	7	3	1	bhp1	890000
8000	7	3	2	bhp1	880000
8000	7	3	3	bhp1	900000
8000	8	1	1	bhp1	570000
8000	8	1	2	bhp1	580000
8000	8	1	3	bhp1	570000
8000	8	2	1	bhp1	580000
8000	8	2	2	bhp1	570000
8000	8	2	3	bhp1	590000
8000	8	3	1	bhp1	600000
8000	8	3	2	bhp1	610000
8000	8	3	3	bhp1	600000
8000	9	1	1	bhp1	300000
8000	9	1	2	bhp1	320000
8000	9	1	3	bhp1	290000
8000	9	2	1	bhp1	300000
8000	9	2	2	bhp1	320000
8000	9	2	3	bhp1	330000
8000	9	3	1	bhp1	290000
8000	9	3	2	bhp1	290000
8000	9	3	3	bhp1	310000
8500	0	1	1	bhp1	3550000
8500	0	1	2	bhp1	3410000
8500	0	1	3	bhp1	3440000
8500	0	2	1	bhp1	3380000
8500	0	2	2	bhp1	3430000
8500	0	2	3	bhp1	3370000
8500	0	3	1	bhp1	3490000
8500	0	3	2	bhp1	3430000
8500	0	3	3	bhp1	3420000
8500	1	1	1	bhp1	3090000
8500	1	1	2	bhp1	3160000
8500	1	1	3	bhp1	3070000
8500	1	2	1	bhp1	3110000
8500	1	2	2	bhp1	3110000
8500	1	2	3	bhp1	3120000
8500	1	3	1	bhp1	3120000
8500	1	3	2	bhp1	3090000
8500	1	3	3	bhp1	3130000
8500	2	1	1	bhp1	2810000
8500	2	1	2	bhp1	2840000
8500	2	1	3	bhp1	2830000
8500	2	2	1	bhp1	2870000
8500	2	2	2	bhp1	2740000
8500	2	2	3	bhp1	2800000
8500	2	3	1	bhp1	2770000
8500	2	3	2	bhp1	2740000
8500	2	3	3	bhp1	2770000
8500	3	1	1	bhp1	2470000
8500	3	1	2	bhp1	2460000
8500	3	1	3	bhp1	2430000
8500	3	2	1	bhp1	2510000
8500	3	2	2	bhp1	2620000
8500	3	2	3	bhp1	2420000
8500	3	3	1	bhp1	2460000
8500	3	3	2	bhp1	2410000
8500	3	3	3	bhp1	2430000
8500	4	1	1	bhp1	2090000
8500	4	1	2	bhp1	2170000
8500	4	1	3	bhp1	2120000
8500	4	2	1	bhp1	2130000
8500	4	2	2	bhp1	2110000
8500	4	2	3	bhp1	2150000
8500	4	3	1	bhp1	2070000
8500	4	3	2	bhp1	2070000
8500	4	3	3	bhp1	2130000
8500	5	1	1	bhp1	1720000
8500	5	1	2	bhp1	1730000
8500	5	1	3	bhp1	1730000
8500	5	2	1	bhp1	1720000
8500	5	2	2	bhp1	1740000
8500	5	2	3	bhp1	1730000
8500	5	3	1	bhp1	1740000
8500	5	3	2	bhp1	1720000
8500	5	3	3	bhp1	1790000
8500	6	1	1	bhp1	1350000
8500	6	1	2	bhp1	1360000
8500	6	1	3	bhp1	1360000
8500	6	2	1	bhp1	1390000
8500	6	2	2	bhp1	1360000
8500	6	2	3	bhp1	1370000
8500	6	3	1	bhp1	1350000
8500	6	3	2	bhp1	1410000
8500	6	3	3	bhp1	1360000
8500	7	1	1	bhp1	1000000
8500	7	1	2	bhp1	1000000
8500	7	1	3	bhp1	990000
8500	7	2	1	bhp1	980000
8500	7	2	2	bhp1	980000
8500	7	2	3	bhp1	1000000
8500	7	3	1	bhp1	1000000
8500	7	3	2	bhp1	1000000
8500	7	3	3	bhp1	990000
8500	8	1	1	bhp1	650000
8500	8	1	2	bhp1	640000
8500	8	1	3	bhp1	650000
8500	8	2	1	bhp1	630000
8500	8	2	2	bhp1	650000
8500	8	2	3	bhp1	640000
8500	8	3	1	bhp1	630000
8500	8	3	2	bhp1	640000
8500	8	3	3	bhp1	640000
8500	9	1	1	bhp1	320000
8500	9	1	2	bhp1	320000
8500	9	1	3	bhp1	330000
8500	9	2	1	bhp1	320000
8500	9	2	2	bhp1	320000
8500	9	2	3	bhp1	330000
8500	9	3	1	bhp1	330000
8500	9	3	2	bhp1	320000
8500	9	3	3	bhp1	330000
9000	0	1	1	bhp1	3950000
9000	0	1	2	bhp1	3970000
9000	0	1	3	bhp1	4060000
9000	0	2	1	bhp1	3910000
9000	0	2	2	bhp1	3920000
9000	0	2	3	bhp1	3910000
9000	0	3	1	bhp1	3950000
9000	0	3	2	bhp1	3930000
9000	0	3	3	bhp1	4110000
9000	1	1	1	bhp1	3560000
9000	1	1	2	bhp1	3570000
9000	1	1	3	bhp1	3580000
9000	1	2	1	bhp1	3570000
9000	1	2	2	bhp1	3570000
9000	1	2	3	bhp1	3560000
9000	1	3	1	bhp1	3770000
9000	1	3	2	bhp1	3570000
9000	1	3	3	bhp1	3580000
9000	2	1	1	bhp1	3200000
9000	2	1	2	bhp1	3150000
9000	2	1	3	bhp1	3210000
9000	2	2	1	bhp1	3190000
9000	2	2	2	bhp1	3180000
9000	2	2	3	bhp1	3200000
9000	2	3	1	bhp1	3210000
9000	2	3	2	bhp1	3180000
9000	2	3	3	bhp1	3330000
9000	3	1	1	bhp1	2810000
9000	3	1	2	bhp1	2930000
9000	3	1	3	bhp1	2810000
9000	3	2	1	bhp1	2950000
9000	3	2	2	bhp1	2810000
9000	3	2	3	bhp1	2800000
9000	3	3	1	bhp1	2790000
9000	3	3	2	bhp1	2800000
9000	3	3	3	bhp1	2820000
9000	4	1	1	bhp1	2400000
9000	4	1	2	bhp1	2400000
9000	4	1	3	bhp1	2420000
9000	4	2	1	bhp1	2390000
9000	4	2	2	bhp1	2400000
9000	4	2	3	bhp1	2410000
9000	4	3	1	bhp1	2440000
9000	4	3	2	bhp1	2410000
9000	4	3	3	bhp1	2410000
9000	5	1	1	bhp1	2110000
9000	5	1	2	bhp1	1990000
9000	5	1	3	bhp1	2020000
9000	5	2	1	bhp1	2000000
9000	5	2	2	bhp1	2020000
9000	5	2	3	bhp1	2010000
9000	5	3	1	bhp1	2020000
9000	5	3	2	bhp1	1990000
9000	5	3	3	bhp1	1990000
9000	6	1	1	bhp1	1590000
9000	6	1	2	bhp1	1580000
9000	6	1	3	bhp1	1560000
9000	6	2	1	bhp1	1630000
9000	6	2	2	bhp1	1570000
9000	6	2	3	bhp1	1590000
9000	6	3	1	bhp1	1560000
9000	6	3	2	bhp1	1560000
9000	6	3	3	bhp1	1590000
9000	7	1	1	bhp1	1140000
9000	7	1	2	bhp1	1130000
9000	7	1	3	bhp1	1140000
9000	7	2	1	bhp1	1140000
9000	7	2	2	bhp1	1140000
9000	7	2	3	bhp1	1130000
9000	7	3	1	bhp1	1170000
9000	7	3	2	bhp1	1150000
9000	7	3	3	bhp1	1160000
9000	8	1	1	bhp1	730000
9000	8	1	2	bhp1	740000
9000	8	1	3	bhp1	720000
9000	8	2	1	bhp1	730000
9000	8	2	2	bhp1	730000
9000	8	2	3	bhp1	740000
9000	8	3	1	bhp1	720000
9000	8	3	2	bhp1	730000
9000	8	3	3	bhp1	730000
9000	9	1	1	bhp1	370000
9000	9	1	2	bhp1	370000
9000	9	1	3	bhp1	370000
9000	9	2	1	bhp1	360000
9000	9	2	2	bhp1	360000
9000	9	2	3	bhp1	360000
9000	9	3	1	bhp1	370000
9000	9	3	2	bhp1	370000
9000	9	3	3	bhp1	360000
9500	0	1	1	bhp1	4410000
9500	0	1	2	bhp1	4400000
9500	0	1	3	bhp1	4550000
9500	0	2	1	bhp1	4400000
9500	0	2	2	bhp1	4410000
9500	0	2	3	bhp1	4360000
9500	0	3	1	bhp1	4380000
9500	0	3	2	bhp1	4480000
9500	0	3	3	bhp1	4360000
9500	1	1	1	bhp1	4180000
9500	1	1	2	bhp1	4060000
9500	1	1	3	bhp1	4200000
9500	1	2	1	bhp1	4060000
9500	1	2	2	bhp1	3990000
9500	1	2	3	bhp1	4120000
9500	1	3	1	bhp1	4050000
9500	1	3	2	bhp1	4380000
9500	1	3	3	bhp1	4010000
9500	2	1	1	bhp1	3670000
9500	2	1	2	bhp1	3780000
9500	2	1	3	bhp1	3560000
9500	2	2	1	bhp1	3660000
9500	2	2	2	bhp1	3560000
9500	2	2	3	bhp1	3750000
9500	2	3	1	bhp1	3560000
9500	2	3	2	bhp1	3560000
9500	2	3	3	bhp1	3690000
9500	3	1	1	bhp1	3170000
9500	3	1	2	bhp1	3200000
9500	3	1	3	bhp1	3190000
9500	3	2	1	bhp1	3140000
9500	3	2	2	bhp1	3360000
9500	3	2	3	bhp1	3150000
9500	3	3	1	bhp1	3260000
9500	3	3	2	bhp1	3200000
9500	3	3	3	bhp1	3150000
9500	4	1	1	bhp1	2760000
9500	4	1	2	bhp1	2680000
9500	4	1	3	bhp1	2760000
9500	4	2	1	bhp1	2790000
9500	4	2	2	bhp1	2700000
9500	4	2	3	bhp1	2760000
9500	4	3	1	bhp1	3110000
9500	4	3	2	bhp1	2820000
9500	4	3	3	bhp1	2810000
9500	5	1	1	bhp1	2320000
9500	5	1	2	bhp1	2290000
9500	5	1	3	bhp1	2350000
9500	5	2	1	bhp1	2300000
9500	5	2	2	bhp1	2310000
9500	5	2	3	bhp1	2260000
9500	5	3	1	bhp1	2230000
9500	5	3	2	bhp1	2310000
9500	5	3	3	bhp1	2400000
9500	6	1	1	bhp1	1830000
9500	6	1	2	bhp1	1760000
9500	6	1	3	bhp1	1810000
9500	6	2	1	bhp1	1740000
9500	6	2	2	bhp1	1760000
9500	6	2	3	bhp1	1840000
9500	6	3	1	bhp1	1800000
9500	6	3	2	bhp1	1750000
9500	6	3	3	bhp1	1810000
9500	7	1	1	bhp1	1320000
9500	7	1	2	bhp1	1300000
9500	7	1	3	bhp1	1280000
9500	7	2	1	bhp1	1320000
9500	7	2	2	bhp1	1300000
9500	7	2	3	bhp1	1260000
9500	7	3	1	bhp1	1310000
9500	7	3	2	bhp1	1270000
9500	7	3	3	bhp1	1280000
9500	8	1	1	bhp1	810000
9500	8	1	2	bhp1	850000
9500	8	1	3	bhp1	840000
9500	8	2	1	bhp1	820000
9500	8	2	2	bhp1	840000
9500	8	2	3	bhp1	800000
9500	8	3	1	bhp1	840000
9500	8	3	2	bhp1	810000
9500	8	3	3	bhp1	810000
9500	9	1	1	bhp1	400000
9500	9	1	2	bhp1	390000
9500	9	1	3	bhp1	410000
9500	9	2	1	bhp1	410000
9500	9	2	2	bhp1	420000
9500	9	2	3	bhp1	410000
9500	9	3	1	bhp1	430000
9500	9	3	2	bhp1	400000
9500	9	3	3	bhp1	390000
10000	0	1	1	bhp1	22270000
10000	0	1	2	bhp1	26890000
10000	0	1	3	bhp1	22480000
10000	0	2	1	bhp1	28210000
10000	0	2	2	bhp1	22980000
10000	0	2	3	bhp1	21440000
10000	0	3	1	bhp1	18900000
10000	0	3	2	bhp1	19650000
10000	0	3	3	bhp1	33020000
10000	1	1	1	bhp1	4410000
10000	1	1	2	bhp1	4460000
10000	1	1	3	bhp1	4340000
10000	1	2	1	bhp1	4280000
10000	1	2	2	bhp1	4360000
10000	1	2	3	bhp1	4320000
10000	1	3	1	bhp1	4220000
10000	1	3	2	bhp1	4360000
10000	1	3	3	bhp1	4410000
10000	2	1	1	bhp1	3940000
10000	2	1	2	bhp1	3860000
10000	2	1	3	bhp1	3850000
10000	2	2	1	bhp1	3850000
10000	2	2	2	bhp1	3860000
10000	2	2	3	bhp1	3890000
10000	2	3	1	bhp1	3800000
10000	2	3	2	bhp1	4010000
10000	2	3	3	bhp1	3880000
10000	3	1	1	bhp1	3390000
10000	3	1	2	bhp1	3400000
10000	3	1	3	bhp1	3350000
10000	3	2	1	bhp1	3410000
10000	3	2	2	bhp1	3370000
10000	3	2	3	bhp1	3360000
10000	3	3	1	bhp1	3400000
10000	3	3	2	bhp1	3470000
10000	3	3	3	bhp1	3410000
10000	4	1	1	bhp1	2860000
10000	4	1	2	bhp1	2890000
10000	4	1	3	bhp1	2890000
10000	4	2	1	bhp1	2910000
10000	4	2	2	bhp1	2920000
10000	4	2	3	bhp1	2920000
10000	4	3	1	bhp1	2890000
10000	4	3	2	bhp1	2890000
10000	4	3	3	bhp1	2930000
10000	5	1	1	bhp1	2420000
10000	5	1	2	bhp1	2390000
10000	5	1	3	bhp1	2470000
10000	5	2	1	bhp1	2410000
10000	5	2	2	bhp1	2410000
10000	5	2	3	bhp1	2450000
10000	5	3	1	bhp1	2390000
10000	5	3	2	bhp1	2440000
10000	5	3	3	bhp1	2420000
10000	6	1	1	bhp1	1870000
10000	6	1	2	bhp1	1920000
10000	6	1	3	bhp1	1880000
10000	6	2	1	bhp1	1910000
10000	6	2	2	bhp1	1890000
10000	6	2	3	bhp1	1880000
10000	6	3	1	bhp1	2030000
10000	6	3	2	bhp1	1890000
10000	6	3	3	bhp1	1900000
10000	7	1	1	bhp1	1400000
10000	7	1	2	bhp1	1400000
10000	7	1	3	bhp1	1380000
10000	7	2	1	bhp1	1360000
10000	7	2	2	bhp1	1370000
10000	7	2	3	bhp1	1370000
10000	7	3	1	bhp1	1380000
10000	7	3	2	bhp1	1450000
10000	7	3	3	bhp1	1400000
10000	8	1	1	bhp1	870000
10000	8	1	2	bhp1	870000
10000	8	1	3	bhp1	890000
10000	8	2	1	bhp1	880000
10000	8	2	2	bhp1	880000
10000	8	2	3	bhp1	870000
10000	8	3	1	bhp1	880000
10000	8	3	2	bhp1	870000
10000	8	3	3	bhp1	880000
10000	9	1	1	bhp1	430000
10000	9	1	2	bhp1	430000
10000	9	1	3	bhp1	430000
10000	9	2	1	bhp1	440000
10000	9	2	2	bhp1	430000
10000	9	2	3	bhp1	420000
10000	9	3	1	bhp1	440000
10000	9	3	2	bhp1	430000
10000	9	3	3	bhp1	430000
